*************,Rating,RatingBinary,prepCommentText,CommentText,UserID,ProductCategory,ProductType,ProductBrand,LinkProduct,ProductName,ProductPrice,PIC,Check,Unnamed: 12
700,1,"[1, 0, 0, 0, 0]",lừa_đảo khách_hàng hình 22 5 w hành 10w nhân_viên hổ trợ bảo đặt_hàng kĩ treo đầu dê thịt chó mua,"lừa đảo khách hàng, trên hình là 22.5w nhưng đặt hành thì là 10w nhờ nhân viên hổ trợ thì bảo là đặt hàng mà xem không kĩ thì chịu. treo đầu dê bán thịt chó à không nên mua",lê H.,Phụ kiện điện thoại& Máy tính bảng,Pin sạc dự phòng,Robot,https://www.lazada.vn/products/pin-du-phong-robot-rt25-ban-nang-cap-cua-rt23-dung-luong-cao-20000mah-cuc-sac-led-hien-thi-pin-nho-gon-2-cong-sac-vao-2-cong-sac-ra-i1340085122-s11796841509.html?c=&channelLpJumpArgs=&clickTrackInfo=query%253A%253Bnid%253A1340085122%253Bsrc%253ALazadaMainSrp%253Brn%253A8940165621ebe3a323b487612ab806cc%253Bregion%253Avn%253Bsku%253A1340085122_VNAMZ%253Bprice%253A329000%253Bclient%253Adesktop%253Bsupplier_id%253A200157990106%253Bbiz_source%253Ahttps%253A%252F%252Fwww.lazada.vn%252F%253Bslot%253A15%253Butlog_bucket_id%253A470687%253Basc_category_id%253A9031%253Bitem_id%253A1340085122%253Bsku_id%253A11796841509%253Bshop_id%253A772654%253BtemplateInfo%253A107883_A3_C_D_E%25231103_B_L%2523&freeshipping=1&fs_ab=2&fuse_fs=&lang=vi&location=H%E1%BB%93%20Ch%C3%AD%20Minh&price=3.29E%205&priceCompare=skuId%3A11796841509%3Bsource%3Alazada-search-voucher%3Bsn%3A8940165621ebe3a323b487612ab806cc%3BunionTrace%3A2d7cff1617268652342142788e%3BoriginPrice%3A329000%3BvoucherPrice%3A329000%3BdisplayPrice%3A329000%3BsinglePromotionId%3A-1%3BsingleToolCode%3AmockedSalePrice%3BvoucherPricePlugin%3A1%3BbuyerId%3A0%3Btimestamp%3A1726865234521%3BsearchDisctDet%3A%5B%7B%22discountValue%22%3A0%2C%22newUserVoucher%22%3Afalse%2C%22toolCode%22%3A%22shopPromotionPart%22%2C%22voucherId%22%3A900000029084244%7D%5D&ratingscore=4.859050445103858&request_id=8940165621ebe3a323b487612ab806cc&review=674&sale=2093&search=1&source=search&spm=a2o4n.searchlistcategory.list.15&stock=1,Pin dự phòng ROBOT RT25 [Bản nâng cấp của RT23] dung lượng cao 20000mAh cục sạc led hiển thị pin nhỏ gọn 2 cổng sạc vào 2 cổng sạc ra,329,20200679,,OK
701,5,"[0, 0, 0, 0, 1]",sử_dụng linh_hoạt ngoài_trời ghi_hình video chất_lượng hình_ảnh nét màu_sắc_đẹp đêm,"Sử dụng linh hoạt trong nhà và ngoài trời, Ghi hình video chất lượng cao, Hình ảnh rõ nét và màu sắc đẹp trong đêm,",NGÔ Q.,Camera giám sát,Camera IP kết nối Internet,Ezviz,https://www.lazada.vn/products/giam-100k-mua-1-tang-1-qua-camera-ezviz-h6c-pro-2mp-trong-nha-mau-ban-dem-nut-nhan-goi-thong-bao-che-do-tuan-tra-247-nhan-dien-thong-minh-i2074215843.html?spm=a2o4n.searchlistcategory.list.207.655050d3Fu6rzk,"Camera EZVIZ H6C Pro 2MP trong nhà, màu ban đêm, nút nhấn gọi thông báo, chế độ tuần tra 24/7, nhận diện thông minh",600,20210600,,OK
702,5,"[0, 0, 0, 0, 1]",sản_phẩm bền tin_cậy ghi_hình video chất_lượng hình_ảnh nét màu_sắc_đẹp đêm thiết_kế sang_trọng hiện_đại,"Sản phẩm bền và đáng tin cậy, Ghi hình video chất lượng cao, Hình ảnh rõ nét và màu sắc đẹp trong đêm, Thiết kế sang trọng và hiện đại,",Long N.,Camera giám sát,Camera IP kết nối Internet,Ezviz,https://www.lazada.vn/products/giam-100k-mua-1-tang-1-qua-camera-ezviz-h6c-pro-2mp-trong-nha-mau-ban-dem-nut-nhan-goi-thong-bao-che-do-tuan-tra-247-nhan-dien-thong-minh-i2074215843.html?spm=a2o4n.searchlistcategory.list.207.655050d3Fu6rzk,"Camera EZVIZ H6C Pro 2MP trong nhà, màu ban đêm, nút nhấn gọi thông báo, chế độ tuần tra 24/7, nhận diện thông minh",600,20210600,,OK
703,5,"[0, 0, 0, 0, 1]",hình_ảnh nét màu_sắc_đẹp đêm thiết_kế sang_trọng hiện_đại nhận_diện thông_minh 24 7,"Hình ảnh rõ nét và màu sắc đẹp trong đêm, Thiết kế sang trọng và hiện đại, Nhận diện người thông minh AI 24/7,",Kiều P.,Camera giám sát,Camera IP kết nối Internet,Ezviz,https://www.lazada.vn/products/giam-100k-mua-1-tang-1-qua-camera-ezviz-h6c-pro-2mp-trong-nha-mau-ban-dem-nut-nhan-goi-thong-bao-che-do-tuan-tra-247-nhan-dien-thong-minh-i2074215843.html?spm=a2o4n.searchlistcategory.list.207.655050d3Fu6rzk,"Camera EZVIZ H6C Pro 2MP trong nhà, màu ban đêm, nút nhấn gọi thông báo, chế độ tuần tra 24/7, nhận diện thông minh",600,20210600,,OK
704,5,"[0, 0, 0, 0, 1]",spham ngon bổ rẻ chất_lượng ok hãng chính_sách bảo_hành dễ_dàng lắp_đặt shop,"spham ngon bổ rẻ chất lượng cũng khá OK, chính hãng chính sách bảo hành tốt,dễ dàng lắp đặt.thanh shop",h***n,Camera giám sát,Camera IP kết nối Internet,Ezviz,https://www.lazada.vn/products/giam-100k-mua-1-tang-1-qua-camera-ezviz-h6c-pro-2mp-trong-nha-mau-ban-dem-nut-nhan-goi-thong-bao-che-do-tuan-tra-247-nhan-dien-thong-minh-i2074215843.html?spm=a2o4n.searchlistcategory.list.207.655050d3Fu6rzk,"Camera EZVIZ H6C Pro 2MP trong nhà, màu ban đêm, nút nhấn gọi thông báo, chế độ tuần tra 24/7, nhận diện thông minh",600,20210600,,OK
705,5,"[0, 0, 0, 0, 1]",bảo_hành 2 yên_tâm phích cắm eu tiện_lợi độ phân_giải 1080p hình_ảnh nét dung_lượng lưu_trữ âm_thanh hai chiều giao_tiếp dễ_dàng ống_kính zoom tăng_cường tầm dung_lượng lưu_trữ âm_thanh hai chiều giao_tiếp dễ_dàng,"Bảo hành 2 năm để yên tâm, Loại phích cắm EU tiện lợi, Độ phân giải cao 1080P cho hình ảnh rõ nét, Có nhiều dung lượng lưu trữ khác nhau, Âm thanh hai chiều để giao tiếp dễ dàng, Ống kính zoom để tăng cường tầm nhìn, Có nhiều dung lượng lưu trữ khác nhau, Âm thanh hai chiều để giao tiếp dễ dàng,",H***.,Camera giám sát,Camera IP kết nối Internet,Ezviz,https://www.lazada.vn/products/c6n-1080p-camera-wifi-ezviz-quay-360-dam-thoai-2-chieu-theo-doi-chuyen-dong-thong-minh-i2569785486.html?spm=a2o4n.searchlistcategory.list.11.655050d3Fu6rzk,"C6N 1080P | Camera wifi Ezviz quay 360, đàm thoại 2 chiều, theo dõi chuyển động thông minh",472,20210600,,OK
706,5,"[0, 0, 0, 0, 1]",thương_hiệu bền_bỉ tin_cậy độ phân_giải 1080p hình_ảnh nét quy_trình cài_đặt dễ_dàng,"Thương hiệu bền bỉ và đáng tin cậy, Độ phân giải cao 1080P cho hình ảnh rõ nét, Quy trình cài đặt dễ dàng,",Huy T.,Camera giám sát,Camera IP kết nối Internet,Ezviz,https://www.lazada.vn/products/c6n-1080p-camera-wifi-ezviz-quay-360-dam-thoai-2-chieu-theo-doi-chuyen-dong-thong-minh-i2569785486.html?spm=a2o4n.searchlistcategory.list.11.655050d3Fu6rzk,"C6N 1080P | Camera wifi Ezviz quay 360, đàm thoại 2 chiều, theo dõi chuyển động thông minh",472,20210600,,OK
707,5,"[0, 0, 0, 0, 1]",phích cắm eu tiện_lợi theo_dõi chuyển_động thông_minh phát_hiện chính_xác,"Loại phích cắm EU tiện lợi, Theo dõi chuyển động thông minh để phát hiện chính xác,",Anh T.,Camera giám sát,Camera IP kết nối Internet,Ezviz,https://www.lazada.vn/products/c6n-1080p-camera-wifi-ezviz-quay-360-dam-thoai-2-chieu-theo-doi-chuyen-dong-thong-minh-i2569785486.html?spm=a2o4n.searchlistcategory.list.11.655050d3Fu6rzk,"C6N 1080P | Camera wifi Ezviz quay 360, đàm thoại 2 chiều, theo dõi chuyển động thông minh",472,20210600,,OK
708,5,"[0, 0, 0, 0, 1]",đóng_gói cẩn_thận giao hàng trục_trặc thẻ_nhớ k lưu_trữ video,Đóng gói cẩn thận giao hàng nhanh Bị trục trặc thẻ nhớ k lưu trữ được video,Bích N.,Camera giám sát,Camera IP kết nối Internet,Ezviz,https://www.lazada.vn/products/c6n-1080p-camera-wifi-ezviz-quay-360-dam-thoai-2-chieu-theo-doi-chuyen-dong-thong-minh-i2569785486.html?spm=a2o4n.searchlistcategory.list.11.655050d3Fu6rzk,"C6N 1080P | Camera wifi Ezviz quay 360, đàm thoại 2 chiều, theo dõi chuyển động thông minh",472,20210600,,OK
709,5,"[0, 0, 0, 0, 1]",đơn_sơ y chan cam,"Nhìn thì khá là đơn sơ , nhưng y chan cam thật .",*******738,Camera giám sát,Camera Mô Hình,No Brand,https://www.lazada.vn/products/camera-mo-hinh-chong-trom-camere-gia-mo-phong-co-den-bao-i1219995688.html?spm=a2o4n.searchlistcategory.list.11.282acc6cAkFsoo,Camera mô hình chống trộm camere giả mô phỏng có đèn báo,23,20210600,,OK
710,5,"[0, 0, 0, 0, 1]",hang dep giong nhu quang luon tien sip tren 100 000 ma camera bang nhua co ben nang khong hoi cao_gia,hang dep giong nhu quang cao luon tien sip tren 100.000 ma camera bang nhua co ben nang khong Hoi cao gia,PHAM N.,Camera giám sát,Camera Mô Hình,No Brand,https://www.lazada.vn/products/camera-mo-hinh-chong-trom-camere-gia-mo-phong-co-den-bao-i1219995688.html?spm=a2o4n.searchlistcategory.list.11.282acc6cAkFsoo,Camera mô hình chống trộm camere giả mô phỏng có đèn báo,23,20210600,,OK
711,2,"[0, 1, 0, 0, 0]",mua hai bình_thường hộp móp gãy thân hình,Mình mua hai cái. Một cái bình thường. Còn một cái hộp bị móp và gãy phần thân trên như hình.,Phuc G.,Camera giám sát,Camera Mô Hình,No Brand,https://www.lazada.vn/products/camera-mo-hinh-chong-trom-camere-gia-mo-phong-co-den-bao-i1219995688.html?spm=a2o4n.searchlistcategory.list.11.282acc6cAkFsoo,Camera mô hình chống trộm camere giả mô phỏng có đèn báo,23,20210600,,OK
712,5,"[0, 0, 0, 0, 1]",hàng đẹp 5sao,Hàng đẹp giống như thật cho 5sao,To Q.,Camera giám sát,Camera Mô Hình,No Brand,https://www.lazada.vn/products/camera-mo-hinh-chong-trom-camere-gia-mo-phong-co-den-bao-i1219995688.html?spm=a2o4n.searchlistcategory.list.11.282acc6cAkFsoo,Camera mô hình chống trộm camere giả mô phỏng có đèn báo,23,20210600,,OK
713,5,"[0, 0, 0, 0, 1]",nhựa xi giả kim_loại nhìn_chung camera,"bằng nhựa xi giả kim loại, nhìn chung giống camera thật,",*******456,Camera giám sát,Camera Mô Hình,No Brand,https://www.lazada.vn/products/camera-mo-hinh-chong-trom-camere-gia-mo-phong-co-den-bao-i1219995688.html?spm=a2o4n.searchlistcategory.list.11.282acc6cAkFsoo,Camera mô hình chống trộm camere giả mô phỏng có đèn báo,23,20210600,,OK
714,1,"[1, 0, 0, 0, 0]",khui hàng ruột lỏng lèo dậy đứt tùm_lum thất_vọng sản_phẩm,"Khui hàng thấy ruột lỏng lèo, dậy đứt tùm lum. Thất vọng với sản phẩm",Chí D.,Camera giám sát,Camera Mô Hình,Coemi,https://www.lazada.vn/products/camera-mo-hinh-gia-chong-trom-nhu-that-co-den-led-i1654769375.html?spm=a2o4n.searchlistcategory.list.62.282acc6cAkFsoo,Camera mô hình giả chống trộm như thật có đèn led,39,20210600,,OK
715,5,"[0, 0, 0, 0, 1]",quảng_cáo hàng chán shop laza da,không đúng như quảng cáo bán hàng chán quá shop à laza da à,9***8,Camera giám sát,Camera Mô Hình,No Brand,https://www.lazada.vn/products/camera-mo-hinh-chong-trom-camere-gia-mo-phong-co-den-bao-i975524496.html?spm=a2o4n.searchlistcategory.list.32.6665cc6criqpp5,Camera mô hình chống trộm camere giả mô phỏng có đèn báo,72,20210600,,OK
716,5,"[0, 0, 0, 0, 1]",k hình,k giống.hình,*******186,Camera giám sát,Camera Mô Hình,No Brand,https://www.lazada.vn/products/camera-mo-hinh-chong-trom-camere-gia-mo-phong-co-den-bao-i975524496.html?spm=a2o4n.searchlistcategory.list.32.6665cc6criqpp6,Camera mô hình chống trộm camere giả mô phỏng có đèn báo,72,20210600,,OK
717,5,"[0, 0, 0, 0, 1]",giao hàng hình,"giao hàng không như hình ,chưa tốt",Cường L.,Camera giám sát,Camera Mô Hình,No Brand,https://www.lazada.vn/products/camera-mo-hinh-chong-trom-camere-gia-mo-phong-co-den-bao-i975524496.html?spm=a2o4n.searchlistcategory.list.32.6665cc6criqpp7,Camera mô hình chống trộm camere giả mô phỏng có đèn báo,72,20210600,,OK
718,5,"[0, 0, 0, 0, 1]",giáo tao lao ko,giáo tao lao ko đúng,Vui V.,Camera giám sát,Camera Mô Hình,No Brand,https://www.lazada.vn/products/camera-mo-hinh-chong-trom-camere-gia-mo-phong-co-den-bao-i975524496.html?spm=a2o4n.searchlistcategory.list.32.6665cc6criqpp8,Camera mô hình chống trộm camere giả mô phỏng có đèn báo,72,20210600,,OK
719,5,"[0, 0, 0, 0, 1]",đóng cửa_sổ bật thủ_công nhấp nút xác_nhận hệ_thống nhận_dạng hành_động theo_dõi,Bạn phải đóng Cửa sổ bật lên theo cách thủ công và nhấp vào nút xác nhận để hệ thống nhận dạng hành động Theo dõi!,L***.,Camera giám sát,Camera Mô Hình,No Brand,https://www.lazada.vn/products/camera-mo-hinh-chong-trom-camere-gia-mo-phong-co-den-bao-i975524496.html?spm=a2o4n.searchlistcategory.list.32.6665cc6criqpp9,Camera mô hình chống trộm camere giả mô phỏng có đèn báo,72,20210600,,OK
720,5,"[0, 0, 0, 0, 1]",ok đẹp,Ok đẹp và giống thật,Bùi Đ.,Camera giám sát,Camera Mô Hình,No Brand,https://www.lazada.vn/products/camera-mo-hinh-chong-trom-camere-gia-mo-phong-co-den-bao-i975524496.html?spm=a2o4n.searchlistcategory.list.32.6665cc6criqpp10,Camera mô hình chống trộm camere giả mô phỏng có đèn báo,72,20210600,,OK
721,5,"[0, 0, 0, 0, 1]",hàng ko hình bọn đừa đảo,hàng ko đúng như hình bọn đừa đảo,0***9,Camera giám sát,Camera Mô Hình,No Brand,https://www.lazada.vn/products/camera-mo-hinh-chong-trom-camere-gia-mo-phong-co-den-bao-i975524496.html?spm=a2o4n.searchlistcategory.list.32.6665cc6criqpp11,Camera mô hình chống trộm camere giả mô phỏng có đèn báo,72,20210600,,OK
722,4,"[0, 0, 0, 1, 0]",hàng hình,Đã nhận hàng đúng như hình,nguyen T.,Camera giám sát,Camera Mô Hình,No Brand,https://www.lazada.vn/products/camera-mo-hinh-chong-trom-camere-gia-mo-phong-co-den-bao-i975524496.html?spm=a2o4n.searchlistcategory.list.32.6665cc6criqpp12,Camera mô hình chống trộm camere giả mô phỏng có đèn báo,72,20210600,,OK
723,1,"[1, 0, 0, 0, 0]",đừng mua sp tốn tiền k quảng_cáo,"mọi người đừng mua sp này, chỉ tốn tiền thôi chứ k như quảng cáo đâu",Nguyen T.,Camera giám sát,Camera Mô Hình,No Brand,https://www.lazada.vn/products/camera-mo-hinh-chong-trom-camere-gia-mo-phong-co-den-bao-i975524496.html?spm=a2o4n.searchlistcategory.list.32.6665cc6criqpp13,Camera mô hình chống trộm camere giả mô phỏng có đèn báo,72,20210600,,OK
724,1,"[1, 0, 0, 0, 0]",sử_dụng,không sử dụng được,*******732,Camera giám sát,Camera Mô Hình,No Brand,https://www.lazada.vn/products/camera-mo-hinh-chong-trom-camere-gia-mo-phong-co-den-bao-i975524496.html?spm=a2o4n.searchlistcategory.list.32.6665cc6criqpp14,Camera mô hình chống trộm camere giả mô phỏng có đèn báo,72,20210600,,OK
725,5,"[0, 0, 0, 0, 1]",thiết_kế gọn nhẹ thích_hợp hoạt_động ngoài_trời di_động thấm sử_dụng,"Thiết kế nhỏ, nhỏ gọn và nhẹ, thích hợp cho các hoạt động ngoài trời, di động và không thấm nước, dễ sử dụng và mang theo,",0***6,Thiết bị số,Máy dò kim loại,No Brand,https://www.lazada.vn/products/1-cai-dinh-vi-que-cam-tay-duoi-long-dat-may-do-kim-loai-gp-con-tro-cam-tay-chong-tham-nuoc-do-nhay-cao-may-do-an-ninh-i2434464880.html?spm=a2o4n.searchlistcategory.list.101.479a4576RiPloE,1 cái định vị que cầm tay dưới lòng đất Máy dò kim loại GP con trỏ cầm tay chống thấm nước độ nhạy cao Máy Dò An Ninh,149,20210600,,OK
726,2,"[0, 1, 0, 0, 0]",máy yếu dò dò đồ nổi nằm đất 10cm trở chào_thua mua uổng tiền lợi_ích,máy quá yếu chỉ dò dò được đồ nổi còn nằm dưới đất khoảng 10cm trở lên thì Chào thua. mua uổng tiền không có lợi ích gì,Anh H.,Thiết bị số,Máy dò kim loại,No Brand,"https://www.lazada.vn/products/di-dong-md-4030-may-do-kim-loai-co-the-dieu-chinh-do-dai-ngoai-troi-dao-vang-tim-kho-bau-san-voi-pin-cho-gia-cong-kim-loai-i2506925340-s12284109278.html?&search=pdp_same_topselling?spm=a2o4n.pdp_revamp.recommendation_1.6.14f15ed9LI86wL&mp=1&scm=1007.16389.286994.0&clickTrackInfo=c88d9c80-5d6c-4952-ba73-948cce60a3b9__2506925340__3465__cate__224806__0.54543895__0.54543895__0.0__0.0__0.0__0.54543895__5__null__null__null__null__null__null____631700.0__0.3003007756846604__4.2__22__442000.0__1002842,522838,1332832,1359914,1469056,1468246,1019849,366514,649019,113326,1242044,1294841,1333836,1002838,874801,1019851,720186,1003848,1243777,1363899,1175849,514918,682235,1036810,1241045,846849,1469275,1243983,404340,525498,1044902,524489,517939,681876,1175850,1036809,1470220,1292886,1293810,1001842,1241177,1021830,1334825,731839,1001844,1379932,1359942,354490,1470979,1498929,357322,357520,1243031,524490__null__null__null__3650.16537_3650.16504_955.3631_955.3632__null__13426__null__0.0__0.0________null__null",Di Động Md-4030 Máy Dò Kim Loại Có Thể Điều Chỉnh Độ Dài Ngoài Trời Đào Vàng Tìm Kho Báu Săn Với Pin Cho Gia Công Kim Loại,442,20210600,,OK
727,5,"[0, 0, 0, 0, 1]",hoàn_hảo tìm_kiếm kho báu ẩn điều_chỉnh chiều thuận_tiện lý_tưởng bắt_đầu giá_trị giá_cả di_động dễ_dàng tuyệt_vời săn kho báu ngoài_trời,"Hoàn hảo cho việc tìm kiếm kho báu ẩn, điều chỉnh chiều dài là thuận tiện, lý tưởng cho người mới bắt đầu, giá trị lớn cho giá cả, di động và dễ dàng mang theo, tuyệt vời cho săn kho báu ngoài trời,",Emma E.,Thiết bị số,Máy dò kim loại,No Brand,"https://www.lazada.vn/products/di-dong-md-4030-may-do-kim-loai-co-the-dieu-chinh-do-dai-ngoai-troi-dao-vang-tim-kho-bau-san-voi-pin-cho-gia-cong-kim-loai-i2506925340-s12284109278.html?&search=pdp_same_topselling?spm=a2o4n.pdp_revamp.recommendation_1.6.14f15ed9LI86wL&mp=1&scm=1007.16389.286994.0&clickTrackInfo=c88d9c80-5d6c-4952-ba73-948cce60a3b9__2506925340__3465__cate__224806__0.54543895__0.54543895__0.0__0.0__0.0__0.54543895__5__null__null__null__null__null__null____631700.0__0.3003007756846604__4.2__22__442000.0__1002842,522838,1332832,1359914,1469056,1468246,1019849,366514,649019,113326,1242044,1294841,1333836,1002838,874801,1019851,720186,1003848,1243777,1363899,1175849,514918,682235,1036810,1241045,846849,1469275,1243983,404340,525498,1044902,524489,517939,681876,1175850,1036809,1470220,1292886,1293810,1001842,1241177,1021830,1334825,731839,1001844,1379932,1359942,354490,1470979,1498929,357322,357520,1243031,524490__null__null__null__3650.16537_3650.16504_955.3631_955.3632__null__13426__null__0.0__0.0________null__null",Di Động Md-4030 Máy Dò Kim Loại Có Thể Điều Chỉnh Độ Dài Ngoài Trời Đào Vàng Tìm Kho Báu Săn Với Pin Cho Gia Công Kim Loại,442,20210600,,OK
728,1,"[1, 0, 0, 0, 0]",chạy lỗi main xấu han rỉ sửa_chữa hàng ko bảo_hành hàng bấm hàng nha đánh_giá tổng_quan ko mua,Chạy vài ngày đã lỗi. Main xấu han rỉ. Không biết đã sửa chữa hay chưa nhưng hàng này ko bảo hành hay trả lại hàng khi đã bấm đã nhận hàng nha các bạn. Đánh giá tổng quan là ko nên mua.,D***.,Linh kiện máy tính,Bo mạch chủ,No Brand,https://www.lazada.vn/products/bo-mach-chu-gigabyte-b250m-d3v-h310-b360-b365-may-tinh-de-ban-ddr4-i2524398247.html?spm=a2o4n.searchlistcategory.list.40.3e8a7b13y5xJmI,Bo Mạch Chủ Gigabyte B250M-D3V H310 B360 B365 Máy Tính Để Bàn DDR4,967,20210600,,OK
729,1,"[1, 0, 0, 0, 0]",hàng mới_toanh cấm phát chạy hôm hẹo liên_hệ hàng bảo_hành mua hàng nước_ngoài hàng từ_chối bảo_hành,"hàng mới toanh, cấm vào phát chạy ngay, nhưng hôm sau thì hẹo luôn mở không lên, liên hệ nhà bán hàng thì không được bảo hành vì mua hàng từ nước ngoài nhà bán hàng từ chối bảo hành.",0***5,Linh kiện máy tính,Bo mạch chủ,No Brand,https://www.lazada.vn/products/bo-mach-chu-gigabyte-b75m-d3v-d2v-b75-bang-nho-1155-kim-giay-h61-bao-hanh-trong-mot-nam-i2524364689.html?spm=a2o4n.searchlistcategory.list.48.3e8a7b13y5xJmI,Bo Mạch Chủ Gigabyte B75M-D3V D2v B75 Bảng Nhỏ 1155 Kim Giây H61 Bảo Hành Trong Một Năm,353,20210600,,OK
730,5,"[0, 0, 0, 0, 1]",hết_hồn tưởng giao_lộ hàng hàng xong i mô_tả kiểu màu hôm_nay shop giao hơi buồn thiệt hàng hơi cũ,Mới nhận mở ra hết hồn tự cái gì tưởng giao lộ hàng là không phải. Nhận hàng xong mở ra rồi I nhìn nó không có giống trong mô tả giống kiểu màu thôi. Hôm nay shop Giao hơi lâu buồn thiệt chứ. Cái hàng này để lâu quá hơi cũ,l***.,Thiết bị số,Bộ sạc đa năng,MEGAone,https://www.lazada.vn/products/nut-nguon-aone-da-nang-usb-audio-led-i252706308.html?spm=a2o4n.searchlistcategory.list.5.14081714z9ugYT,"Nút Nguồn Aone Đa Năng USB, Audio, Led",65,20210600,,OK
731,4,"[0, 0, 0, 1, 0]",giao hàng shop đóng_gói sơ_sài linh_kiện thạch_anh 25 000 rơi mạch hàn bền,"Giao hàng rất nhanh. Shop đóng gói quá sơ sài, một linh kiện (thạch anh 25.000) bị rơi ra khỏi mạch. Tôi đã hàn lại thì dùng tốt. không biết có bền không.",N***.,Thiết bị số,Bộ sạc đa năng,pci express,https://www.lazada.vn/products/card-chuyen-doi-pci-express-to-usb-4-cong-30-i226084564.html?spm=a2o4n.searchlistcategory.list.69.14081714z9ugYT,Card chuyển đổi PCI Express to USB 4 cổng 3.0,168,20210600,,OK
732,3,"[0, 0, 1, 0, 0]",hàng ok chip nóng độ bền thế_nào,hàng ok.khi dùng con chip rất nóng.không biết độ bền thế nào.,Nguyễn M.,Thiết bị số,Bộ sạc đa năng,pci express,https://www.lazada.vn/products/card-chuyen-doi-pci-express-to-usb-4-cong-30-i226084564.html?spm=a2o4n.searchlistcategory.list.69.14081714z9ugYT,Card chuyển đổi PCI Express to USB 4 cổng 3.0,168,20210600,,OK
733,2,"[0, 1, 0, 0, 0]",wifi bắt ko lắm,WiFi bắt ko tốt lắm,0***6,Camera giám sát,Camera An Ninh Cctv,Ezviz,https://www.lazada.vn/products/camera-wifi-ngoai-troi-chong-nuoc-ipx6-ezviz-c3wn-fullhd-2mpx-nhin-dem-30m-wifi-manh-me-bao-hanh-chinh-hang-24-thang-tang-1-tuan-dung-thu-cloud-i1475917686-s6138589652.html?c=&channelLpJumpArgs=&clickTrackInfo=query%253A%253Bnid%253A1475917686%253Bsrc%253ALazadaMainSrp%253Brn%253Af6015726812e5d79f69ae38dc622ab25%253Bregion%253Avn%253Bsku%253A1475917686_VNAMZ%253Bprice%253A1059000%253Bclient%253Adesktop%253Bsupplier_id%253A200163591096%253Bbiz_source%253Ah5_pdp%253Bslot%253A25%253Butlog_bucket_id%253A470687%253Basc_category_id%253A15213%253Bitem_id%253A1475917686%253Bsku_id%253A6138589652%253Bshop_id%253A1634431%253BtemplateInfo%253A107883_A3_C_D_E%25231103_B_L%2523&freeshipping=1&fs_ab=2&fuse_fs=&lang=vi&location=H%C3%A0%20N%E1%BB%99i&price=1.059E%206&priceCompare=skuId%3A6138589652%3Bsource%3Alazada-search-voucher%3Bsn%3Af6015726812e5d79f69ae38dc622ab25%3BunionTrace%3Aa3b58f9517268860203444607e%3BoriginPrice%3A1059000%3BvoucherPrice%3A1059000%3BdisplayPrice%3A1059000%3BsinglePromotionId%3A-1%3BsingleToolCode%3AmockedSalePrice%3BvoucherPricePlugin%3A1%3BbuyerId%3A0%3Btimestamp%3A1726886020645&ratingscore=4.0&request_id=f6015726812e5d79f69ae38dc622ab25&review=3&sale=12&search=1&source=search&spm=a2o4n.searchlistcategory.list.25&stock=1,"Camera wifi Ngoài trời chống nước IPX6 Ezviz C3WN FullHD 2MPX nhìn đêm 30m, wifi mạnh mẽ – Bảo hành chính hãng 24 tháng - Tặng 1 tuần dùng thử cloud",1.059.000,20210600,,OK
734,5,"[0, 0, 0, 0, 1]",hạng củ_xuất thang7 2021 đổi ko,Hạng củ xuất thang7/2021 rồi đổi lại được Ko,Huy H.,Camera giám sát,Camera An Ninh Cctv,Ezviz,https://www.lazada.vn/products/camera-wifi-ngoai-troi-chong-nuoc-ipx6-ezviz-c3wn-fullhd-2mpx-nhin-dem-30m-wifi-manh-me-bao-hanh-chinh-hang-24-thang-tang-1-tuan-dung-thu-cloud-i1475917686-s6138589652.html?c=&channelLpJumpArgs=&clickTrackInfo=query%253A%253Bnid%253A1475917686%253Bsrc%253ALazadaMainSrp%253Brn%253Af6015726812e5d79f69ae38dc622ab25%253Bregion%253Avn%253Bsku%253A1475917686_VNAMZ%253Bprice%253A1059000%253Bclient%253Adesktop%253Bsupplier_id%253A200163591096%253Bbiz_source%253Ah5_pdp%253Bslot%253A25%253Butlog_bucket_id%253A470687%253Basc_category_id%253A15213%253Bitem_id%253A1475917686%253Bsku_id%253A6138589652%253Bshop_id%253A1634431%253BtemplateInfo%253A107883_A3_C_D_E%25231103_B_L%2523&freeshipping=1&fs_ab=2&fuse_fs=&lang=vi&location=H%C3%A0%20N%E1%BB%99i&price=1.059E%206&priceCompare=skuId%3A6138589652%3Bsource%3Alazada-search-voucher%3Bsn%3Af6015726812e5d79f69ae38dc622ab25%3BunionTrace%3Aa3b58f9517268860203444607e%3BoriginPrice%3A1059000%3BvoucherPrice%3A1059000%3BdisplayPrice%3A1059000%3BsinglePromotionId%3A-1%3BsingleToolCode%3AmockedSalePrice%3BvoucherPricePlugin%3A1%3BbuyerId%3A0%3Btimestamp%3A1726886020645&ratingscore=4.0&request_id=f6015726812e5d79f69ae38dc622ab25&review=3&sale=12&search=1&source=search&spm=a2o4n.searchlistcategory.list.25&stock=2,"Camera wifi Ngoài trời chống nước IPX6 Ezviz C3WN FullHD 2MPX nhìn đêm 30m, wifi mạnh mẽ – Bảo hành chính hãng 24 tháng - Tặng 1 tuần dùng thử cloud",1.059.000,20210600,,OK
735,5,"[0, 0, 0, 0, 1]",sử_dụng camera ezviz hài_lòng hàng chuẩn_bị hàng chuyên_nghiệp sản_phẩm nguyên seal hãng phân_phối mua khuyến_mãi giá hấp_dẫn,"Đã sử dụng qua nhiều camera của Ezviz rất hài lòng . Nhà bán hàng chuẩn bị hàng nhanh, chuyên nghiệp, sản phẩm nguyên seal chính hãng phân phối, mua lúc khuyến mãi giá hấp dẫn.",nguyen T.,Camera giám sát,Camera An Ninh Cctv,Ezviz,https://www.lazada.vn/products/camera-wifi-ngoai-troi-chong-nuoc-ipx6-ezviz-c3wn-fullhd-2mpx-nhin-dem-30m-wifi-manh-me-bao-hanh-chinh-hang-24-thang-tang-1-tuan-dung-thu-cloud-i1475917686-s6138589652.html?c=&channelLpJumpArgs=&clickTrackInfo=query%253A%253Bnid%253A1475917686%253Bsrc%253ALazadaMainSrp%253Brn%253Af6015726812e5d79f69ae38dc622ab25%253Bregion%253Avn%253Bsku%253A1475917686_VNAMZ%253Bprice%253A1059000%253Bclient%253Adesktop%253Bsupplier_id%253A200163591096%253Bbiz_source%253Ah5_pdp%253Bslot%253A25%253Butlog_bucket_id%253A470687%253Basc_category_id%253A15213%253Bitem_id%253A1475917686%253Bsku_id%253A6138589652%253Bshop_id%253A1634431%253BtemplateInfo%253A107883_A3_C_D_E%25231103_B_L%2523&freeshipping=1&fs_ab=2&fuse_fs=&lang=vi&location=H%C3%A0%20N%E1%BB%99i&price=1.059E%206&priceCompare=skuId%3A6138589652%3Bsource%3Alazada-search-voucher%3Bsn%3Af6015726812e5d79f69ae38dc622ab25%3BunionTrace%3Aa3b58f9517268860203444607e%3BoriginPrice%3A1059000%3BvoucherPrice%3A1059000%3BdisplayPrice%3A1059000%3BsinglePromotionId%3A-1%3BsingleToolCode%3AmockedSalePrice%3BvoucherPricePlugin%3A1%3BbuyerId%3A0%3Btimestamp%3A1726886020645&ratingscore=4.0&request_id=f6015726812e5d79f69ae38dc622ab25&review=3&sale=12&search=1&source=search&spm=a2o4n.searchlistcategory.list.25&stock=3,"Camera wifi Ngoài trời chống nước IPX6 Ezviz C3WN FullHD 2MPX nhìn đêm 30m, wifi mạnh mẽ – Bảo hành chính hãng 24 tháng - Tặng 1 tuần dùng thử cloud",1.059.000,20210600,,OK
736,5,"[0, 0, 0, 0, 1]",hữu_ích,rất hữu ích,phạm H.,Camera giám sát,Hệ thống an ninh IP,Jetting Buy,https://www.lazada.vn/products/jettingbuy-1-cai-camera-quan-sat-18mm-camera-an-ninh-ong-kinh-goc-rong-170-do-cctv-ir-i451678295.html?spm=a2o4n.searchlistcategory.list.4.556d44b75LsyhF,Jettingbuy 1 Cái Camera Quan Sát 1.8Mm Camera An Ninh Ống Kính Góc Rộng 170 Độ CCTV IR,60.034,20210600,,OK
737,5,"[0, 0, 0, 0, 1]",kích_thước to mô_tả 1 8 mm nhật đc to,kích thước quá to mô tả là 1.8mm mà khi nhật đc nó còn to hơn,thiện P.,Camera giám sát,Hệ thống an ninh IP,Jetting Buy,https://www.lazada.vn/products/jettingbuy-1-cai-camera-quan-sat-18mm-camera-an-ninh-ong-kinh-goc-rong-170-do-cctv-ir-i451678295.html?spm=a2o4n.searchlistcategory.list.4.556d44b75LsyhF,Jettingbuy 1 Cái Camera Quan Sát 1.8Mm Camera An Ninh Ống Kính Góc Rộng 170 Độ CCTV IR,60.034,20210600,,OK
738,3,"[0, 0, 1, 0, 0]",hướng_dẫn ko,"Không có hướng dẫn, ko dùng được",*******300,Camera giám sát,Hệ thống an ninh IP,Jetting Buy,https://www.lazada.vn/products/jettingbuy-1-cai-camera-quan-sat-18mm-camera-an-ninh-ong-kinh-goc-rong-170-do-cctv-ir-i451678295.html?spm=a2o4n.searchlistcategory.list.4.556d44b75LsyhF,Jettingbuy 1 Cái Camera Quan Sát 1.8Mm Camera An Ninh Ống Kính Góc Rộng 170 Độ CCTV IR,60.034,20210600,,OK
739,3,"[0, 0, 1, 0, 0]",giao hàng nhầm sp o chất_lượng,"Giao hàng nhầm, sp chưa dùng lên o biết chất lượng",Hoàng B.,Thiết bị số,Bộ sạc đa năng,pci express,https://www.lazada.vn/products/card-chuyen-doi-pci-express-to-usb-4-cong-30-i226084564.html?spm=a2o4n.searchlistcategory.list.69.14081714z9ugYT,Card chuyển đổi PCI Express to USB 4 cổng 3.0,168,20210600,,OK
740,1,"[1, 0, 0, 0, 0]",hàng kiểu khuôn mặt đôi mắt đảo,Rồi hàng này thì dùng kiểu gì đây 🙄,,Camera giám sát,Hệ thống an ninh IP,Jetting Buy,https://www.lazada.vn/products/jettingbuy-1-cai-camera-quan-sat-18mm-camera-an-ninh-ong-kinh-goc-rong-170-do-cctv-ir-i451678295.html?spm=a2o4n.searchlistcategory.list.4.556d44b75LsyhF,Jettingbuy 1 Cái Camera Quan Sát 1.8Mm Camera An Ninh Ống Kính Góc Rộng 170 Độ CCTV IR,60.034,20210600,,OK
741,5,"[0, 0, 0, 0, 1]",cài_đặt xong sản_phẩm giá tiền mua camera,Đã cài đặt xong.sản phẩm tốt so với giá tiền.sẽ mua thêm camera nữa,Nguyễn V.,Camera giám sát,Camera an ninh CCTV,HIVIZ,https://www.lazada.vn/products/chinh-hang-dau-ghi-hinh-hiviz-pro-8-kenh-4-kenh-50mpx-2k-dau-ghi-cho-camera-analog-20mp-30mp-40mp-50mp-them-4-2-camera-ip-20mp-bao-hanh-chinh-hang-i1483698704.html?spm=a2o4n.searchlistcategory.list.54.59c6523d3QwS7N,"[Chính Hãng] Đầu ghi hình Hiviz Pro 8 Kênh | 4 Kênh 5.0mpx (2K) (đầu ghi Cho camera analog 2.0MP | 3.0MP | 4.0MP | 5.0MP), Thêm 4 | 2 camera ip 2.0MP - Bảo hành chính Hãng",1.150.000,20210600,,OK
742,5,"[0, 0, 0, 0, 1]",hàng lỗi kỉ thuật shop tư_vấn nhiệt_tình,hàng bị lỗi kỉ thuật shop tư vấn nhiệt tình,hoang Q.,Camera giám sát,Camera an ninh CCTV,HIVIZ,https://www.lazada.vn/products/chinh-hang-dau-ghi-hinh-hiviz-pro-8-kenh-4-kenh-50mpx-2k-dau-ghi-cho-camera-analog-20mp-30mp-40mp-50mp-them-4-2-camera-ip-20mp-bao-hanh-chinh-hang-i1483698704.html?spm=a2o4n.searchlistcategory.list.54.59c6523d3QwS7N,"[Chính Hãng] Đầu ghi hình Hiviz Pro 8 Kênh | 4 Kênh 5.0mpx (2K) (đầu ghi Cho camera analog 2.0MP | 3.0MP | 4.0MP | 5.0MP), Thêm 4 | 2 camera ip 2.0MP - Bảo hành chính Hãng",1.150.000,20210600,,OK
743,5,"[0, 0, 0, 0, 1]",giao hàng mua 2 ủng_hộ dài_dài,Giao hàng rất nhanh. Mua lần 2 và sẽ còn ủng hộ dài dài,Nguyễn V.,Camera giám sát,Camera an ninh CCTV,HIVIZ,https://www.lazada.vn/products/chinh-hang-dau-ghi-hinh-hiviz-pro-8-kenh-4-kenh-50mpx-2k-dau-ghi-cho-camera-analog-20mp-30mp-40mp-50mp-them-4-2-camera-ip-20mp-bao-hanh-chinh-hang-i1483698704.html?spm=a2o4n.searchlistcategory.list.54.59c6523d3QwS7N,"[Chính Hãng] Đầu ghi hình Hiviz Pro 8 Kênh | 4 Kênh 5.0mpx (2K) (đầu ghi Cho camera analog 2.0MP | 3.0MP | 4.0MP | 5.0MP), Thêm 4 | 2 camera ip 2.0MP - Bảo hành chính Hãng",1.150.000,20210600,,OK
744,5,"[0, 0, 0, 0, 1]",shop nhiệt_tình sản_phẩm mô_tả chất_lượng tuyệt_vời,"shop nhiệt tình, sản phẩm đúng như mô tả, chất lượng tuyệt vời.",0***8,Camera giám sát,Camera an ninh CCTV,HIVIZ,https://www.lazada.vn/products/chinh-hang-dau-ghi-hinh-hiviz-pro-8-kenh-4-kenh-50mpx-2k-dau-ghi-cho-camera-analog-20mp-30mp-40mp-50mp-them-4-2-camera-ip-20mp-bao-hanh-chinh-hang-i1483698704.html?spm=a2o4n.searchlistcategory.list.54.59c6523d3QwS7N,"[Chính Hãng] Đầu ghi hình Hiviz Pro 8 Kênh | 4 Kênh 5.0mpx (2K) (đầu ghi Cho camera analog 2.0MP | 3.0MP | 4.0MP | 5.0MP), Thêm 4 | 2 camera ip 2.0MP - Bảo hành chính Hãng",1.150.000,20210600,,OK
745,5,"[0, 0, 0, 0, 1]",tạm ổn thử app độ bền,tạm ổn.chưa thử với app. và độ bền chưa rõ,duy,Camera giám sát,Camera an ninh CCTV,HIVIZ,https://www.lazada.vn/products/chinh-hang-dau-ghi-hinh-hiviz-pro-8-kenh-4-kenh-50mpx-2k-dau-ghi-cho-camera-analog-20mp-30mp-40mp-50mp-them-4-2-camera-ip-20mp-bao-hanh-chinh-hang-i1483698704.html?spm=a2o4n.searchlistcategory.list.54.59c6523d3QwS7N,"[Chính Hãng] Đầu ghi hình Hiviz Pro 8 Kênh | 4 Kênh 5.0mpx (2K) (đầu ghi Cho camera analog 2.0MP | 3.0MP | 4.0MP | 5.0MP), Thêm 4 | 2 camera ip 2.0MP - Bảo hành chính Hãng",1.150.000,20210600,,OK
746,5,"[0, 0, 0, 0, 1]",shop đóng_gói kỹ nhiệt_tình sản_phẩm ok mua nha_mn,"Shop đóng gói kỹ,nhiệt tình,sản phẩm ok nên mua nha mn",Hương T.,Camera giám sát,Camera an ninh CCTV,HIVIZ,https://www.lazada.vn/products/chinh-hang-dau-ghi-hinh-hiviz-pro-8-kenh-4-kenh-50mpx-2k-dau-ghi-cho-camera-analog-20mp-30mp-40mp-50mp-them-4-2-camera-ip-20mp-bao-hanh-chinh-hang-i1483698704.html?spm=a2o4n.searchlistcategory.list.54.59c6523d3QwS7N,"[Chính Hãng] Đầu ghi hình Hiviz Pro 8 Kênh | 4 Kênh 5.0mpx (2K) (đầu ghi Cho camera analog 2.0MP | 3.0MP | 4.0MP | 5.0MP), Thêm 4 | 2 camera ip 2.0MP - Bảo hành chính Hãng",1.150.000,20210600,,OK
747,5,"[0, 0, 0, 0, 1]",liên_hệ kiểm_tra lỗi sp ko liên_hệ don mua cua toi 373284569292767,Tôi cần liên hệ nhà bán để kiểm tra lỗi sp nhưng ko biết liên hệ ở đâu. Don mua cua toi 373284569292767,Mr T.,Camera giám sát,Camera an ninh CCTV,Vantech,https://www.lazada.vn/products/camera-ip-wifi-40-megapixel-vantech-ai-v2031c-i1248597092.html?spm=a2o4n.searchlistcategory.list.70.59c6523d3QwS7N,Camera IP Wifi 4.0 Megapixel VANTECH AI-V2031C,600,20210600,,OK
748,1,"[1, 0, 0, 0, 0]",minh muon tra hang,Minh muon tra hang,Anh B.,Camera giám sát,Camera an ninh CCTV,Vantech,https://www.lazada.vn/products/camera-ip-wifi-40-megapixel-vantech-ai-v2031c-i1248597092.html?spm=a2o4n.searchlistcategory.list.70.59c6523d3QwS7N,Camera IP Wifi 4.0 Megapixel VANTECH AI-V2031C,600,20210600,,OK
749,1,"[1, 0, 0, 0, 0]",hàng ko hoạt_động cũ thất_vọng phí vạy,hàng ko hoạt động mà cũ nữa thất vọng . tính trả lại mà phí chuyển lên chuyển xuống cũng vạy,Tuank3,Thiết bị số,Bộ sạc đa năng,TP-Link,https://www.lazada.vn/products/hcmadaptor-tplink-9v-06a-dung-cho-router-i152890839.html?spm=a2o4n.searchlistcategory.list.78.14081714z9ugYT,[HCM]Adaptor TPLink 9v 0.6a dùng cho router,50,20210600,,OK
750,1,"[1, 0, 0, 0, 0]",san pham ben ngoai nhu moi nhung khong hoat dong nguon khong len ghim nguon khac vao chi co duoc den leb xanh bao nguon lai moi thu toi den nhu muc cac ban khong nen mua vi se mat tien oan uong tien nao cua nhu la bai hoc mua hang online nen mua san pham da duoc nhieu nguoi mua va nhan xet,"San pham ben ngoai nhu moi nhung khong hoat dong. Nguon khong len, ghim nguon khac vao chi co duoc den leb xanh bao nguon, con lai moi thu toi den nhu muc. Cac ban khong nen mua vi se mat tien oan uong, tien nao cua do, xem nhu la bai hoc mua hang online, nen mua san pham da duoc nhieu nguoi mua va nhan xet.",Phan T.,Camera giám sát,Camera an ninh CCTV,ELITEK,https://www.lazada.vn/products/dau-ghi-hinh-camera-4-kenh-5in1-chat-luong-elitek-bao-hanh-1-nam-i246127796.html?spm=a2o4n.searchlistcategory.list.77.59c6523d3QwS7N,Đầu Ghi Hình Camera 4 Kênh 5IN1 Chất Lượng Elitek Bảo Hành 1 Năm,699,20210600,,OK
751,1,"[1, 0, 0, 0, 0]",hàng chất_lượng kém linh_kiện 3 hư lắp thành 1 thẻ_nhớ tặng kèm đăng,"Đã nhận hàng. Chất lượng kém (chắc phải lấy linh kiện 3 chiếc hư để lắp thành 1 chiếc), không có thẻ nhớ tặng kèm như đăng bán.",h***.,Camera giám sát,Camera an ninh CCTV,V380 MAX,https://www.lazada.vn/products/cam-camera-v380-da-qua-su-dung-i1819697945.html?spm=a2o4n.searchlistcategory.list.60.41e6523d6PPKkb,cam camera V380 đã qua sử dụng,90,20210600,,OK
752,5,"[0, 0, 0, 0, 1]",hàng chất_lượng shop tư_vấn đầy_đủ chính_xác tiếp_tục ủng_hộ shop hình_ảnh tính_chất xu,hàng chất lượng. shop tư vấn đầy đủ chính xác sẽ tiếp tục ủng hộ shop. hình ảnh mang tính chất nhận xu.,Phạm D.,Camera giám sát,Camera an ninh CCTV,Hikvision,https://www.lazada.vn/products/bo-camera-quan-sat-4-mat-hikvision-20mp-full-hd-bo-camera-giam-sat-hikvision-hang-chinh-hang-bao-hanh-2-nam-su-dung-i2162225842.html?spm=a2o4n.searchlistcategory.list.67.41e6523d6PPKkb,Bộ Camera Quan Sát 4 Mắt Hikvision 2.0MP Full HD - Bộ Camera Giám Sát Hikvision . Hàng Chính Hãng - Bảo Hành 2 Năm Sử Dụng .,2.990.000,20210600,,OK
753,5,"[0, 0, 0, 0, 1]",ok cảm_ơn shop nhiệt_tình chỉ_dẫn chỉ_dẫn cài_đặt điện_thoại tiếng thể cài_đặt xong hình_ảnh tivi sắc nét ok shop có_thể gọi điện_thoại shop shop chỉ_dẫn cài_đặt điện_thoại cảm_ơn shop,"OK cảm ơn shop nhiệt tình chỉ dẫn , mỗi cái phần chỉ dẫn cài đặt lên điện thoại bằng tiếng Anh nên chưa thể cài đặt xong , hình ảnh lên tivi thì sắc nét OK shop nhiều mình có thể gọi điện thoại cho shop để nhờ shop chỉ dẫn cài đặt vào điện thoại sau cảm ơn shop",Hiep N.,Camera giám sát,Camera an ninh CCTV,Hikvision,https://www.lazada.vn/products/bo-camera-quan-sat-4-mat-hikvision-20mp-full-hd-bo-camera-giam-sat-hikvision-hang-chinh-hang-bao-hanh-2-nam-su-dung-i2162225842.html?spm=a2o4n.searchlistcategory.list.67.41e6523d6PPKkb,Bộ Camera Quan Sát 4 Mắt Hikvision 2.0MP Full HD - Bộ Camera Giám Sát Hikvision . Hàng Chính Hãng - Bảo Hành 2 Năm Sử Dụng .,2.990.000,20210600,,OK
754,5,"[0, 0, 0, 0, 1]",sản_phẩm mô_tả shop đóng_gói cẩn_thận hình_ảnh nét shop hỗ_trợ nhiệt_tình cảm_ơn shop,Sản phẩm đúng như mô tả Shop đóng gói cẩn thận Hình ảnh nét Shop hỗ trợ nhiệt tình Cảm ơn shop,3***1,Camera giám sát,Camera an ninh CCTV,Hikvision,https://www.lazada.vn/products/bo-camera-quan-sat-4-mat-hikvision-20mp-full-hd-bo-camera-giam-sat-hikvision-hang-chinh-hang-bao-hanh-2-nam-su-dung-i2162225842.html?spm=a2o4n.searchlistcategory.list.67.41e6523d6PPKkb,Bộ Camera Quan Sát 4 Mắt Hikvision 2.0MP Full HD - Bộ Camera Giám Sát Hikvision . Hàng Chính Hãng - Bảo Hành 2 Năm Sử Dụng .,2.990.000,20210600,,OK
755,5,"[0, 0, 0, 0, 1]",shop giao hàng hàng ảnh shop hỗ_trợ lăps nhiệt_tình,shop giao hàng nhanh hàng giống ảnh shop hỗ trợ lăps đặt nhiệt tình,Quan N.,Camera giám sát,Camera an ninh CCTV,Hikvision,https://www.lazada.vn/products/bo-camera-quan-sat-4-mat-hikvision-20mp-full-hd-bo-camera-giam-sat-hikvision-hang-chinh-hang-bao-hanh-2-nam-su-dung-i2162225842.html?spm=a2o4n.searchlistcategory.list.67.41e6523d6PPKkb,Bộ Camera Quan Sát 4 Mắt Hikvision 2.0MP Full HD - Bộ Camera Giám Sát Hikvision . Hàng Chính Hãng - Bảo Hành 2 Năm Sử Dụng .,2.990.000,20210600,,OK
756,5,"[0, 0, 0, 0, 1]",giao hàng đầy_đủ đóng_gói gọn_gàng chất_lượng kiểm_tra nho shop hỗ_trợ_giúp nha cảm_ơn shop,"giao hàng đầy đủ, đóng gói gọn gàng, chất lượng kiểm tra sau, có gì nho shop hỗ trợ giúp nha. cảm ơn shop",Tran T.,Camera giám sát,Camera an ninh CCTV,Hikvision,https://www.lazada.vn/products/bo-camera-quan-sat-4-mat-hikvision-20mp-full-hd-bo-camera-giam-sat-hikvision-hang-chinh-hang-bao-hanh-2-nam-su-dung-i2162225842.html?spm=a2o4n.searchlistcategory.list.67.41e6523d6PPKkb,Bộ Camera Quan Sát 4 Mắt Hikvision 2.0MP Full HD - Bộ Camera Giám Sát Hikvision . Hàng Chính Hãng - Bảo Hành 2 Năm Sử Dụng .,2.990.000,20210600,,OK
757,5,"[0, 0, 0, 0, 1]",shop tư_vấn nhiệt_tình hỗ_trợ lắp_đặt sản_phẩm mô_tả hình_ảnh sét nét,"shop tư vấn nhiệt tình, hỗ trợ cách lắp đặt, sản phẩm mới giống mô tả, hình ảnh sét nét",0***8,Camera giám sát,Camera an ninh CCTV,Hikvision,https://www.lazada.vn/products/bo-camera-quan-sat-4-mat-hikvision-20mp-full-hd-bo-camera-giam-sat-hikvision-hang-chinh-hang-bao-hanh-2-nam-su-dung-i2162225842.html?spm=a2o4n.searchlistcategory.list.67.41e6523d6PPKkb,Bộ Camera Quan Sát 4 Mắt Hikvision 2.0MP Full HD - Bộ Camera Giám Sát Hikvision . Hàng Chính Hãng - Bảo Hành 2 Năm Sử Dụng .,2.990.000,20210600,,OK
758,4,"[0, 0, 0, 1, 0]",làm_bằng vật_liệu chất_lượng cung_cấp phép đo chính_xác màu tùy_chọn thiết_kế gọn nhẹ phát_hiện độ nhạy sử_dụng vận_hành đáng_giá,"Được làm bằng vật liệu chất lượng cao, cung cấp phép đo chính xác, nhiều màu tùy chọn, dễ mang theo, thiết kế nhỏ gọn và nhẹ, phát hiện độ nhạy cao, dễ sử dụng và vận hành, đáng giá,",*******050,Thiết bị số,Máy dò kim loại,No Brand,https://www.lazada.vn/products/1-cai-dinh-vi-que-cam-tay-duoi-long-dat-may-do-kim-loai-gp-con-tro-cam-tay-chong-tham-nuoc-do-nhay-cao-may-do-an-ninh-i2434464880.html?spm=a2o4n.searchlistcategory.list.101.479a4576RiPloE,1 cái định vị que cầm tay dưới lòng đất Máy dò kim loại GP con trỏ cầm tay chống thấm nước độ nhạy cao Máy Dò An Ninh,149,20210600,,OK
759,1,"[1, 0, 0, 0, 0]",thất_vọng,Rất thất vọng,Vũ M.,Camera giám sát,Camera an ninh CCTV,KBVISION,https://www.lazada.vn/products/hcmcamera-dome-hdcvi-hong-ngoai-40-megapixel-kbvsion-kx-2k12c-i255652403.html?spm=a2o4n.searchlistcategory.list.3.d8e9523d6TA8nh,[HCM]Camera Dome HDCVI hồng ngoại 4.0 Megapixel KBVSION KX-2K12C,900,20210600,,OK
760,5,"[0, 0, 0, 0, 1]",phạm_vi quan_sát ban_đêm tuyệt_vời đa_dụng sử_dụng ngoài_trời,"Phạm vi quan sát ban đêm tuyệt vời, Đa dụng cho sử dụng trong nhà và ngoài trời,",Tú N.,Camera giám sát,Camera an ninh CCTV,Hikvision,https://www.lazada.vn/products/camera-hdtvi-2mp-full-color-hikvision-ds-2ce76d0t-exlpf-i1733273688.html?spm=a2o4n.searchlistcategory.list.36.d8e9523d6TA8nh,Camera HDTVI 2MP Full Color HIKVISION DS-2CE76D0T-EXLPF,358,20210600,,OK
761,5,"[0, 0, 0, 0, 1]",hiệu_suất ánh_sáng yếu đa_dụng sử_dụng ngoài_trời,"Hiệu suất tốt trong ánh sáng yếu, Đa dụng cho sử dụng trong nhà và ngoài trời,",Tú N.,Camera giám sát,Camera an ninh CCTV,Hikvision,https://www.lazada.vn/products/camera-hdtvi-2mp-full-color-hikvision-ds-2ce76d0t-exlpf-i1733273688.html?spm=a2o4n.searchlistcategory.list.36.d8e9523d6TA8nh,Camera HDTVI 2MP Full Color HIKVISION DS-2CE76D0T-EXLPF,358,20210600,,OK
762,1,"[1, 0, 0, 0, 0]",mua sản_phẩm sử_dụng shop liên_hệ hoàn tiền giúp,Mình mua về và sản phẩm không sử dụng được. Shop liên hệ và hoàn tiền lại giúp mình,0***3,Camera giám sát,Camera an ninh CCTV,Hikvision,https://www.lazada.vn/products/camera-hdtvi-2mp-full-color-hikvision-ds-2ce76d0t-exlpf-i1733273688.html?spm=a2o4n.searchlistcategory.list.36.d8e9523d6TA8nh,Camera HDTVI 2MP Full Color HIKVISION DS-2CE76D0T-EXLPF,358,20210600,,OK
763,5,"[0, 0, 0, 0, 1]",hàng quảng_cáo tiếp_tục ủng_hộ shop tiếp đánh_giá shop 5,"hàng đã nhận như quảng cáo. sẽ tiếp tục ủng hộ shop tiếp. đánh giá shop 5 sao. ,...............",tran L.,Camera giám sát,Camera an ninh CCTV,Hikvision,https://www.lazada.vn/products/camera-hdtvi-2mp-full-color-hikvision-ds-2ce76d0t-exlpf-i1733273688.html?spm=a2o4n.searchlistcategory.list.36.d8e9523d6TA8nh,Camera HDTVI 2MP Full Color HIKVISION DS-2CE76D0T-EXLPF,358,20210600,,OK
764,5,"[0, 0, 0, 0, 1]",lắp thay_thế_mà hình shop oi,Lắp thay thế mà Không lên hình shop oi,Dung T.,Camera giám sát,Camera an ninh CCTV,Hikvision,https://www.lazada.vn/products/camera-hdtvi-2mp-full-color-hikvision-ds-2ce76d0t-exlpf-i1733273688.html?spm=a2o4n.searchlistcategory.list.36.d8e9523d6TA8nh,Camera HDTVI 2MP Full Color HIKVISION DS-2CE76D0T-EXLPF,358,20210600,,OK
765,5,"[0, 0, 0, 0, 1]",chất_lượng ok tầm giá,chất lượng ok với tầm giá,Lê N.,Camera giám sát,Camera an ninh CCTV,Hikvision,https://www.lazada.vn/products/camera-hdtvi-2mp-full-color-hikvision-ds-2ce76d0t-exlpf-i1733273688.html?spm=a2o4n.searchlistcategory.list.36.d8e9523d6TA8nh,Camera HDTVI 2MP Full Color HIKVISION DS-2CE76D0T-EXLPF,358,20210600,,OK
766,4,"[0, 0, 0, 1, 0]",hàng đóng_gói cẩn_thận hỉnh_thức đẹp ổ_cứng 320 trở đọc ổ_cứng 1 t_đọc chậm thi_thoảng treo máy mấy đèn tín_hiệu chớp 1 câi tắt tác_dụng,"Đã nhận hàng, đóng gói cẩn thận. Hỉnh thức đẹp Ổ cứng 320 trở xuống đọc rất tốt Ổ cứng 1 T đọc chậm và thi thoảng bị treo máy Mấy cái đèn tín hiệu chỉ chớp lên 1 câi rồi tắt không có tác dụng",Bình T.,Thiết bị số,Bộ sạc đa năng,Seagate,https://www.lazada.vn/products/dau-doc-o-cung-docking-seagate-35-usb-30-i209735989.html?spm=a2o4n.searchlistcategory.list.39.5f1f1714WLyRPn,Đầu đọc ổ cứng Docking Seagate 3.5 USB 3.0,125,20210600,,OK
767,5,"[0, 0, 0, 0, 1]",hoàn_hảo đam_mê thể_thao chạy vật_liệu bền lâu_dài màu xanh quân_đội sành_điệu thấm hoàn_hảo hoạt_động ngoài_trời,"Hoàn hảo cho những người đam mê thể thao và chạy bộ, vật liệu bền và lâu dài, màu xanh quân đội sành điệu, không thấm nước và hoàn hảo cho các hoạt động ngoài trời,",Chubby M.,Đồng hồ thông minh & Phụ kiện,Đồng hồ thông minh,No Brand,https://www.lazada.vn/products/dong-ho-the-thao-ky-thuat-so-synoke-danh-cho-nam-da-chuc-nang-chronograph-chong-nuoc-man-hinh-led-da-quang-co-bao-dong-va-den-nen-ly-tuong-cho-cac-hoat-dong-ngoai-troi-va-chay-bo-i2602114519-s12673623795.html?c=&channelLpJumpArgs=&clickTrackInfo=query%253A%253Bnid%253A2602114519%253Bsrc%253ALazadaMainSrp%253Brn%253Aa3b63c45444a6de5ef96ba1e87ea1e13%253Bregion%253Avn%253Bsku%253A2602114519_VNAMZ%253Bprice%253A70000%253Bclient%253Adesktop%253Bsupplier_id%253A200495200216%253Bbiz_source%253Ahttps%253A%252F%252Fwww.lazada.vn%252F%253Bslot%253A17%253Butlog_bucket_id%253A470687%253Basc_category_id%253A10100415%253Bitem_id%253A2602114519%253Bsku_id%253A12673623795%253Bshop_id%253A3709554%253BtemplateInfo%253A116090_A3_B_C_D_E_L_A0%2523108493_G%2523&configId=choice_VN_promotion&freeshipping=1&fs_ab=2&fuse_fs=&lang=vi&location=China&price=7E%204&priceCompare=skuId%3A12673623795%3Bsource%3Alazada-search-voucher%3Bsn%3Aa3b63c45444a6de5ef96ba1e87ea1e13%3BunionTrace%3A9c3b81a717268878238111336e%3BoriginPrice%3A70000%3BvoucherPrice%3A70000%3BdisplayPrice%3A70000%3BsinglePromotionId%3A900000030778374%3BsingleToolCode%3AshopPromPrice%3BvoucherPricePlugin%3A1%3BbuyerId%3A0%3Btimestamp%3A1726887824011&ratingscore=3.0&request_id=a3b63c45444a6de5ef96ba1e87ea1e13&review=12&sale=4&search=1&source=search&spm=a211g0.searchlist.list.17&stock=1&upItemIds=2602114519,Đồng hồ thể thao kỹ thuật số Synoke dành cho nam Đa chức năng Chronograph chống nước Màn hình LED dạ quang có báo động và đèn nền Lý tưởng cho các hoạt động ngoài trời và chạy bộ,70,20210600,,OK
768,3,"[0, 0, 1, 0, 0]",xài adapter dock xấu hình gốc,"Xài được, nhưng adapter và dock xấu hơn hình gốc",Le V.,Thiết bị số,Bộ sạc đa năng,Seagate,https://www.lazada.vn/products/dau-doc-o-cung-docking-seagate-35-usb-30-i209735989.html?spm=a2o4n.searchlistcategory.list.39.5f1f1714WLyRPn,Đầu đọc ổ cứng Docking Seagate 3.5 USB 3.0,125,20210600,,OK
769,5,"[0, 0, 0, 0, 1]",màu_sắc phù_hợp phong_cách đồng_hành thuận_tiện hoạt_động thể_thao ngoài_trời,"Nhiều màu sắc để phù hợp với phong cách của bạn, Người bạn đồng hành thuận tiện cho các hoạt động thể thao ngoài trời,",Nam T.,Đồng hồ thông minh & Phụ kiện,Đồng hồ thông minh,No Brand,https://www.lazada.vn/products/2024-moi-the-thao-ngoai-troi-dong-ho-thong-minh-smartwatch-danh-cho-nam-man-hinh-hd-199-tro-ly-giong-noi-ip67-day-thep-khong-gi-chong-tham-nuoc-i2616901208.html?spm=a2o4n.searchlistcategory.list.110.696025bc3svPSk,2024 Mới Thể Thao Ngoài Trời Đồng Hồ Thông Minh Smartwatch Dành Cho Nam Màn Hình Hd 1.99 ''Trợ Lý Giọng Nói Ip67 Dây Thép Không Gỉ Chống Thấm Nước,359,20210600,,OK
770,3,"[0, 0, 1, 0, 0]",nfc chức_năng mạ tải ảnh máy điện_thoại,"không thấy có NFC, các chức năng khác dùng mạ được. không tải được ảnh nền từ máy điện thoại",Trần T.,Đồng hồ thông minh & Phụ kiện,Đồng hồ thông minh,No Brand,https://www.lazada.vn/products/2024-moi-the-thao-ngoai-troi-dong-ho-thong-minh-smartwatch-danh-cho-nam-man-hinh-hd-199-tro-ly-giong-noi-ip67-day-thep-khong-gi-chong-tham-nuoc-i2616901208.html?spm=a2o4n.searchlistcategory.list.110.696025bc3svPSk,2025 Mới Thể Thao Ngoài Trời Đồng Hồ Thông Minh Smartwatch Dành Cho Nam Màn Hình Hd 1.99 ''Trợ Lý Giọng Nói Ip67 Dây Thép Không Gỉ Chống Thấm Nước,359,20210600,,OK
771,5,"[0, 0, 0, 0, 1]",hàng đẹp giá ok bé sài_thích gắn sim sài_ok bt trừ ko gọi free dc gọi tiền sim sài_app nhắn_tin or chát voice giá ok lắm,"Hàng đẹp, giá OK. Bé Sài thích. Gắn sim Sài ok như bt, điểm trừ là ko gọi free dc. Gọi mất tiền như sim thường. Sài app cũng chỉ nhắn tin or chát voice… với giá này thì OK lắm rồi",vu T.,Đồng hồ thông minh & Phụ kiện,Đồng hồ thông minh cho trẻ em,ANNCOE,https://www.lazada.vn/products/dong-ho-thong-minh-tre-em-anncoe-y85s-pro-nghe-goi-nhan-tin-dinh-vi-tu-xa-chong-nuoc-ip67-i1717371302.html?spm=a2o4n.searchlistcategory.list.130.65296b7aa9ZOko,Đồng hồ thông minh trẻ em ANNCOE Y85S Pro nghe gọi nhăn tin định vị từ xa chống nước IP67,425,20210600,,OK
772,5,"[0, 0, 0, 0, 1]",đồng_hồ thông_minh trẻ_em giao hàng đẹp lắm bé mua sim xài thử,"đồng hồ thông minh trẻ em giao hàng nhanh và đẹp lắm, bé nhà mình rất thích chưa mua sim nên chưa xài thử.",Ngọc D.,Đồng hồ thông minh & Phụ kiện,Đồng hồ thông minh cho trẻ em,ANNCOE,https://www.lazada.vn/products/dong-ho-thong-minh-tre-em-anncoe-y85s-pro-nghe-goi-nhan-tin-dinh-vi-tu-xa-chong-nuoc-ip67-i1717371302.html?spm=a2o4n.searchlistcategory.list.130.65296b7aa9ZOko,Đồng hồ thông minh trẻ em ANNCOE Y85S Pro nghe gọi nhăn tin định vị từ xa chống nước IP68,425,20210600,,OK
773,1,"[1, 0, 0, 0, 0]",shop tặng sim ko gửi kèm phản_hồi ko gửi toàn hứa ko mua oki mua ko khâc phục ngưòi ta lỗi shop,Shop nói tặng sim mà ko gửi kèm. Phản hồi lại cũng ko thấy gửi. Toàn hứa ko. Lúc chưa mua thì gì cũng oki. Mua rồi ko khâc phục cho ngưòi ta . Lỗi là của shop mà,0***8,Đồng hồ thông minh & Phụ kiện,Đồng hồ thông minh cho trẻ em,ANNCOE,https://www.lazada.vn/products/dong-ho-thong-minh-tre-em-anncoe-y85s-pro-nghe-goi-nhan-tin-dinh-vi-tu-xa-chong-nuoc-ip67-i1717371302.html?spm=a2o4n.searchlistcategory.list.130.65296b7aa9ZOko,Đồng hồ thông minh trẻ em ANNCOE Y85S Pro nghe gọi nhăn tin định vị từ xa chống nước IP69,425,20210600,,OK
774,3,"[0, 0, 1, 0, 0]",đồng_hồ gắn đá kim_cương nhân_tạo đẹp hình quảng_cáo hôp đóng_gói sơ_sài giá mua,đồng hồ gắn đá kim cương nhân tạo không đẹp như trong hình quảng cáo lại không có hôp đóng gói sơ sài giá mua lại cao,*******648,Đồng hồ thông minh & Phụ kiện,Đồng hồ thông minh thiết kế,OEM,https://www.lazada.vn/products/lich-nguoi-dan-ong-hoan-toan-jewelled-dong-ho-kim-cuong-hop-thoi-trang-dong-ho-vong-deo-tay-cho-ngay-le-tinh-nhan-hoan-hao-qua-tang-i2389345346.html?spm=a2o4n.searchlistcategory.list.33.39193f65xT0g69,Lịch người đàn ông hoàn toàn-jewelled Đồng hồ kim cương hợp thời trang đồng hồ vòng đeo tay cho ngày lễ tình nhân hoàn hảo Quà Tặng,85,20210600,,OK
775,4,"[0, 0, 0, 1, 0]",hàng truyền data 35 40cm nhãn_hiệu bao_bì bịch nylon,"Đúng hàng, truyền data tốt, chỉ dài 35-40cm. Không nhãn hiệu, không bao bì, chỉ có bịch nylon.",Nguyen A.,Thiết bị số,Bộ sạc đa năng,OEM,https://www.lazada.vn/products/day-cap-usb-30-cho-o-cung-di-dong-hdd-i258196326.html?spm=a2o4n.searchlistcategory.list.52.5f1f1714WLyRPn,Dây cáp USB 3.0 Cho ổ Cứng Di Động HDD,20,20210600,,OK
776,1,"[1, 0, 0, 0, 0]",giao hàng,giao không đúng hàng,n***,Đồng hồ thông minh & Phụ kiện,Đồng hồ thông minh thiết kế,No Brand,https://www.lazada.vn/products/dong-ho-nam-rolex-mat-cao-cap-chong-nuoc-chinh-hang-tang-1-vong-ty-huu-i1269285398-s4783165084.html?c=&channelLpJumpArgs=&clickTrackInfo=query%253A%253Bnid%253A1269285398%253Bsrc%253ALazadaMainSrp%253Brn%253A9476594ca58a55676179532c72aadb2c%253Bregion%253Avn%253Bsku%253A1269285398_VNAMZ%253Bprice%253A299000%253Bclient%253Adesktop%253Bsupplier_id%253A200166717097%253Bbiz_source%253Ahttps%253A%252F%252Fwww.lazada.vn%252F%253Bslot%253A5%253Butlog_bucket_id%253A470687%253Basc_category_id%253A10100416%253Bitem_id%253A1269285398%253Bsku_id%253A4783165084%253Bshop_id%253A2032738%253BtemplateInfo%253A107883_C_D_E%25231103_B_L%25231101_A3%2523&freeshipping=1&fs_ab=2&fuse_fs=&lang=vi&location=H%C3%A0%20N%E1%BB%99i&price=2.99E%205&priceCompare=skuId%3A4783165084%3Bsource%3Alazada-search-voucher%3Bsn%3A9476594ca58a55676179532c72aadb2c%3BunionTrace%3Aa3b58f9517268882641764136e%3BoriginPrice%3A299000%3BvoucherPrice%3A299000%3BdisplayPrice%3A299000%3BsinglePromotionId%3A-1%3BsingleToolCode%3A-1%3BvoucherPricePlugin%3A1%3BbuyerId%3A0%3Btimestamp%3A1726888264395&ratingscore=4.222222222222222&request_id=9476594ca58a55676179532c72aadb2c&review=9&sale=29&search=1&source=search&spm=a2o4n.searchlistcategory.list.5&stock=1,Đồng hồ Nam Rolex Mặt Cao Cấp Chống Nước Chính Hãng Tặng 1 Vòng Tỳ Hưu,299,20210600,,OK
777,5,"[0, 0, 0, 0, 1]",giao usb 3 0 mô_tả dây chắc_chắn đẹp test truyền ổn_định,"Giao nhanh, đủ, đúng usb 3.0 như mô tả. Dây nhìn chắc chắn, đẹp nhưng chưa test nên chưa biết truyền có ổn định không.",Ngọc,Thiết bị số,Bộ sạc đa năng,OEM,https://www.lazada.vn/products/day-cap-usb-30-cho-o-cung-di-dong-hdd-i258196326.html?spm=a2o4n.searchlistcategory.list.52.5f1f1714WLyRPn,Dây cáp USB 3.0 Cho ổ Cứng Di Động HDD,20,20210600,,OK
778,5,"[0, 0, 0, 0, 1]",đông hồ đẹp vàng chóe phai màu hơi nghi tầm giá 200k vây ổn lăm,"Đông hồ đẹp, vàng chóe luôn. Nhưng dùng lâu có bị phai màu không??? Cũng hơi nghi! Nhưng không sao, với tầm giá~200k vây là ổn lăm rồi",Phan H.,Đồng hồ thông minh & Phụ kiện,Đồng hồ thông minh thiết kế,No Brand,https://www.lazada.vn/products/dong-ho-nam-rolex-mat-cao-cap-chong-nuoc-chinh-hang-tang-1-vong-ty-huu-i1269285398-s4783165084.html?c=&channelLpJumpArgs=&clickTrackInfo=query%253A%253Bnid%253A1269285398%253Bsrc%253ALazadaMainSrp%253Brn%253A9476594ca58a55676179532c72aadb2c%253Bregion%253Avn%253Bsku%253A1269285398_VNAMZ%253Bprice%253A299000%253Bclient%253Adesktop%253Bsupplier_id%253A200166717097%253Bbiz_source%253Ahttps%253A%252F%252Fwww.lazada.vn%252F%253Bslot%253A5%253Butlog_bucket_id%253A470687%253Basc_category_id%253A10100416%253Bitem_id%253A1269285398%253Bsku_id%253A4783165084%253Bshop_id%253A2032738%253BtemplateInfo%253A107883_C_D_E%25231103_B_L%25231101_A3%2523&freeshipping=1&fs_ab=2&fuse_fs=&lang=vi&location=H%C3%A0%20N%E1%BB%99i&price=2.99E%205&priceCompare=skuId%3A4783165084%3Bsource%3Alazada-search-voucher%3Bsn%3A9476594ca58a55676179532c72aadb2c%3BunionTrace%3Aa3b58f9517268882641764136e%3BoriginPrice%3A299000%3BvoucherPrice%3A299000%3BdisplayPrice%3A299000%3BsinglePromotionId%3A-1%3BsingleToolCode%3A-1%3BvoucherPricePlugin%3A1%3BbuyerId%3A0%3Btimestamp%3A1726888264395&ratingscore=4.222222222222222&request_id=9476594ca58a55676179532c72aadb2c&review=9&sale=29&search=1&source=search&spm=a2o4n.searchlistcategory.list.5&stock=3,Đồng hồ Nam Rolex Mặt Cao Cấp Chống Nước Chính Hãng Tặng 1 Vòng Tỳ Hưu,299,20210600,,OK
779,5,"[0, 0, 0, 0, 1]",đồng_hồ đẹp săn sale giá đeo ưng đóng_gói cẩn_thận tặng kèm vòng hạt đeo thời_trang,Đồng hồ đẹp quá. Săn sale được giá tốt mà đeo lên rất ưng tay. Đóng gói cẩn thận. Còn được tặng kèm vòng hạt đeo thời trang nữa.,Nghĩa Đ.,Đồng hồ thông minh & Phụ kiện,Đồng hồ thông minh thiết kế,No Brand,https://www.lazada.vn/products/dong-ho-nam-rolex-mat-cao-cap-chong-nuoc-chinh-hang-tang-1-vong-ty-huu-i1269285398-s4783165084.html?c=&channelLpJumpArgs=&clickTrackInfo=query%253A%253Bnid%253A1269285398%253Bsrc%253ALazadaMainSrp%253Brn%253A9476594ca58a55676179532c72aadb2c%253Bregion%253Avn%253Bsku%253A1269285398_VNAMZ%253Bprice%253A299000%253Bclient%253Adesktop%253Bsupplier_id%253A200166717097%253Bbiz_source%253Ahttps%253A%252F%252Fwww.lazada.vn%252F%253Bslot%253A5%253Butlog_bucket_id%253A470687%253Basc_category_id%253A10100416%253Bitem_id%253A1269285398%253Bsku_id%253A4783165084%253Bshop_id%253A2032738%253BtemplateInfo%253A107883_C_D_E%25231103_B_L%25231101_A3%2523&freeshipping=1&fs_ab=2&fuse_fs=&lang=vi&location=H%C3%A0%20N%E1%BB%99i&price=2.99E%205&priceCompare=skuId%3A4783165084%3Bsource%3Alazada-search-voucher%3Bsn%3A9476594ca58a55676179532c72aadb2c%3BunionTrace%3Aa3b58f9517268882641764136e%3BoriginPrice%3A299000%3BvoucherPrice%3A299000%3BdisplayPrice%3A299000%3BsinglePromotionId%3A-1%3BsingleToolCode%3A-1%3BvoucherPricePlugin%3A1%3BbuyerId%3A0%3Btimestamp%3A1726888264395&ratingscore=4.222222222222222&request_id=9476594ca58a55676179532c72aadb2c&review=9&sale=29&search=1&source=search&spm=a2o4n.searchlistcategory.list.5&stock=4,Đồng hồ Nam Rolex Mặt Cao Cấp Chống Nước Chính Hãng Tặng 1 Vòng Tỳ Hưu,299,20210600,,OK
780,5,"[0, 0, 0, 0, 1]",thích_hợp trẻ_em màn_hình led màu_sắc phù_hợp trẻ_em màn_hình led màu_sắc phù_hợp trẻ_em màn_hình led màu_sắc,"Thích hợp cho trẻ em, Màn hình LED nhiều màu sắc, phù hợp với trẻ em, màn hình LED nhiều màu sắc, phù hợp với trẻ em, màn hình LED nhiều màu sắc,",Kon A.,Đồng hồ thông minh & Phụ kiện,Đồng hồ thông minh cho trẻ em,No Brand,https://www.lazada.vn/products/dong-ho-thong-minh-danh-cho-tre-em-hien-thi-tuan-dong-ho-deo-tay-ky-thuat-so-led-dong-ho-the-thao-chong-nuoc-danh-cho-be-trai-va-be-gai-voi-tinh-nang-dong-ho-dung-i2615700427.html?spm=a2o4n.searchlistcategory.list.207.1aa06b7a61CE6O,Đồng hồ thông minh dành cho trẻ em Hiển thị tuần Đồng hồ đeo tay kỹ thuật số Led Đồng hồ thể thao chống nước dành cho bé trai và bé gái với tính năng đồng hồ dừng,39.4,20210600,,OK
781,3,"[0, 0, 1, 0, 0]",1 pin không_thể thay,"Chỉ dùng 1 lần, hết pin không thể thay,,,,,,,,,,,,,,,,,,,,,,",3***5,Đồng hồ thông minh & Phụ kiện,Đồng hồ thông minh cho trẻ em,No Brand,https://www.lazada.vn/products/dong-ho-thong-minh-danh-cho-tre-em-hien-thi-tuan-dong-ho-deo-tay-ky-thuat-so-led-dong-ho-the-thao-chong-nuoc-danh-cho-be-trai-va-be-gai-voi-tinh-nang-dong-ho-dung-i2615700427.html?spm=a2o4n.searchlistcategory.list.207.1aa06b7a61CE6O,Đồng hồ thông minh dành cho trẻ em Hiển thị tuần Đồng hồ đeo tay kỹ thuật số Led Đồng hồ thể thao chống nước dành cho bé trai và bé gái với tính năng đồng hồ dừng,39.4,20210600,,OK
782,2,"[0, 1, 0, 0, 0]",máy lua gạt máy mã đăng_ký quét,bán máy lua gạt máy không có mã có đăng ký sao quét,*******808,Đồng hồ thông minh & Phụ kiện,Đồng hồ thông minh cho trẻ em,No Brand,https://www.lazada.vn/products/thong-minh-cho-tre-em-dong-ho-4g-sos-man-hinh-cam-ung-dinh-vi-gps-cuoc-goi-video-sim-may-anh-the-khong-tham-nuoc-smartwatch-cho-nam-nu-i2652728772.html?spm=a2o4n.searchlistcategory.list.201.ba596b7adziQ02,Thông minh cho trẻ em Đồng Hồ 4G SOS màn hình cảm ứng định vị GPS Cuộc Gọi Video Sim máy ảnh thẻ Không Thấm Nước Smartwatch Cho nam nữ,231,20210600,,OK
783,5,"[0, 0, 0, 0, 1]",dây đeo đồng_hồ mềm cảm_ứng chức_năng chất_lượng đề_nghị mặt cười 3 trái tim mặt cười 3 trái tim mặt cười 3 trái tim mặt cười 3 trái tim,"Dây đeo đồng hồ rất mềm, cảm ứng tốt, rất chức năng và chất lượng tốt quá. Đề nghị.🥰🥰🥰🥰",รณรุต M.,Đồng hồ thông minh & Phụ kiện,Đồng hồ thông minh cho trẻ em,No Brand,https://www.lazada.vn/products/thong-minh-cho-tre-em-dong-ho-4g-sos-man-hinh-cam-ung-dinh-vi-gps-cuoc-goi-video-sim-may-anh-the-khong-tham-nuoc-smartwatch-cho-nam-nu-i2652728772.html?spm=a2o4n.searchlistcategory.list.201.ba596b7adziQ02,Thông minh cho trẻ em Đồng Hồ 4G SOS màn hình cảm ứng định vị GPS Cuộc Gọi Video Sim máy ảnh thẻ Không Thấm Nước Smartwatch Cho nam nữ,231,20210600,,OK
784,5,"[0, 0, 0, 0, 1]",sản_phẩm tạm mmmmmmmmm khuôn mặt suy nghĩ khuôn mặt suy nghĩ khuôn mặt suy nghĩ khuôn mặt suy nghĩ khuôn mặt suy nghĩ khuôn mặt suy nghĩ khuôn mặt suy nghĩ khuôn mặt suy nghĩ khuôn mặt suy nghĩ khuôn mặt suy nghĩ khuôn mặt suy nghĩ khuôn mặt suy nghĩ khuôn mặt suy nghĩ khuôn mặt suy nghĩ,sản phẩm cũng tạm được.mmMmmmMmm🤔🤔🤔🤔🤔🤔🤔🤔🤔🤔🤔🤔🤔🤔,Mai N.,Đồng hồ thông minh & Phụ kiện,Đồng hồ thông minh cho trẻ em,No Brand,https://www.lazada.vn/products/combo-dong-ho-thong-minh-q12-dinh-vi-lbs-danh-cho-be-va-sim-4g-mobile-sieu-uu-dai-mien-phi-90gb-thang-va-30-phut-ngo-i2400845048.html?spm=a2o4n.searchlistcategory.list.118.5caf6b7aQkISRG,[COMBO] Đồng Hồ Thông Minh Q12 Định Vị LBS dành cho bé VÀ Sim 4G Mobile siêu ưu đãi - miễn phí 90Gb tháng và 30 phút ngo,141,20210600,,OK
785,1,"[1, 0, 0, 0, 0]",màn_hình khuyết lỗi gọi kém đề_nghị đỏi,"màn hình bị khuyết,lỗi không nghe gọi được,quá kém ' đề nghị đỏi trả ngay",Third-Party-User,Đồng hồ thông minh & Phụ kiện,Đồng hồ thông minh cho trẻ em,No Brand,https://www.lazada.vn/products/combo-dong-ho-thong-minh-q12-dinh-vi-lbs-danh-cho-be-va-sim-4g-mobile-sieu-uu-dai-mien-phi-90gb-thang-va-30-phut-ngo-i2400845048.html?spm=a2o4n.searchlistcategory.list.118.5caf6b7aQkISRG,[COMBO] Đồng Hồ Thông Minh Q12 Định Vị LBS dành cho bé VÀ Sim 4G Mobile siêu ưu đãi - miễn phí 90Gb tháng và 30 phút ngo,141,20210600,,OK
786,5,"[0, 0, 0, 0, 1]",mua đồng_hồ 2g chuẩn_bị sử_dụng,mua đồng hồ nói này 2G đang chuẩn bị bỏ sao sử dụng,*******506,Đồng hồ thông minh & Phụ kiện,Đồng hồ thông minh cho trẻ em,No Brand,https://www.lazada.vn/products/combo-dong-ho-thong-minh-q12-dinh-vi-lbs-danh-cho-be-va-sim-4g-mobile-sieu-uu-dai-mien-phi-90gb-thang-va-30-phut-ngo-i2400845048.html?spm=a2o4n.searchlistcategory.list.118.5caf6b7aQkISRG,[COMBO] Đồng Hồ Thông Minh Q12 Định Vị LBS dành cho bé VÀ Sim 4G Mobile siêu ưu đãi - miễn phí 90Gb tháng và 30 phút ngo,141,20210600,,OK
787,1,"[1, 0, 0, 0, 0]",đồng_hồ chất_lượng ra_gì thời_gian sử_dụng kết_nối định_vị sim 4g đi kèm cheo đầu dê thịt chó hàng nghiêm_túc mua sim 4g cài kết_nối định_vị nhà_hàng,"Đồng hồ thì không biết chất lượng ra gì, để thời gian sử dụng mới biết được, không kết nối định vị được. Lại không có sim 4G đi kèm. Cheo đầu Dê, bán thịt Chó! Nói lên thì bán hàng nghiêm túc nhé. Tôi đã mua sim 4G cài vào mà cũng không kết nối được định vị. Nhà hàng nghĩ sao?",VŨ T.,Đồng hồ thông minh & Phụ kiện,Đồng hồ thông minh cho trẻ em,No Brand,https://www.lazada.vn/products/combo-dong-ho-thong-minh-q12-dinh-vi-lbs-danh-cho-be-va-sim-4g-mobile-sieu-uu-dai-mien-phi-90gb-thang-va-30-phut-ngo-i2400845048.html?spm=a2o4n.searchlistcategory.list.118.5caf6b7aQkISRG,[COMBO] Đồng Hồ Thông Minh Q12 Định Vị LBS dành cho bé VÀ Sim 4G Mobile siêu ưu đãi - miễn phí 90Gb tháng và 30 phút ngo,141,20210600,,OK
788,1,"[1, 0, 0, 0, 0]",shop hàng kiểu treo thịt dê thịt chó chó chó chó giao hàng nhắn_tin chả,shop bán hàng kiểu gì vậy treo thịt dê bán thịt chó 🐕🐕🐕 giao hàng thiếu. nhắn tin không chả lời,Yeu T.,Đồng hồ thông minh & Phụ kiện,Đồng hồ thông minh cho trẻ em,No Brand,https://www.lazada.vn/products/combo-dong-ho-thong-minh-q12-dinh-vi-lbs-danh-cho-be-va-sim-4g-mobile-sieu-uu-dai-mien-phi-90gb-thang-va-30-phut-ngo-i2400845048.html?spm=a2o4n.searchlistcategory.list.118.5caf6b7aQkISRG,[COMBO] Đồng Hồ Thông Minh Q12 Định Vị LBS dành cho bé VÀ Sim 4G Mobile siêu ưu đãi - miễn phí 90Gb tháng và 30 phút ngo,141,20210600,,OK
789,1,"[1, 0, 0, 0, 0]",tệ 2 giao 1 đòi,"quá tệ, đặt 2 mà giao 1 giờ đòi ai??",Nguyễn S.,Đồng hồ thông minh & Phụ kiện,Đồng hồ thông minh cho trẻ em,No Brand,https://www.lazada.vn/products/combo-dong-ho-thong-minh-q12-dinh-vi-lbs-danh-cho-be-va-sim-4g-mobile-sieu-uu-dai-mien-phi-90gb-thang-va-30-phut-ngo-i2400845048.html?spm=a2o4n.searchlistcategory.list.118.5caf6b7aQkISRG,[COMBO] Đồng Hồ Thông Minh Q12 Định Vị LBS dành cho bé VÀ Sim 4G Mobile siêu ưu đãi - miễn phí 90Gb tháng và 30 phút ngo,141,20210600,,OK
790,1,"[1, 0, 0, 0, 0]",shop giao ko hàng đăng,shop giao ko đủ hàng như đã đăng,*******633,Đồng hồ thông minh & Phụ kiện,Đồng hồ thông minh cho trẻ em,No Brand,https://www.lazada.vn/products/combo-dong-ho-thong-minh-q12-dinh-vi-lbs-danh-cho-be-va-sim-4g-mobile-sieu-uu-dai-mien-phi-90gb-thang-va-30-phut-ngo-i2400845048.html?spm=a2o4n.searchlistcategory.list.118.5caf6b7aQkISRG,[COMBO] Đồng Hồ Thông Minh Q12 Định Vị LBS dành cho bé VÀ Sim 4G Mobile siêu ưu đãi - miễn phí 90Gb tháng và 30 phút ngo,141,20210600,,OK
791,5,"[0, 0, 0, 0, 1]",vật_liệu silicone thời_trang dây đeo nhựa bền thiết_kế dễ_thương phong_cách màu_sắc tùy_chọn ánh_sáng thoải_mái màu_sắc tươi_sáng tươi_sáng,"Vật liệu Silicone thời trang, dây đeo bằng nhựa bền, thiết kế dễ thương và phong cách, màu sắc khác nhau tùy chọn, ánh sáng và thoải mái, màu sắc tươi sáng và tươi sáng,",bumWara,Đồng hồ thông minh & Phụ kiện,Đồng hồ thông minh cho trẻ em,No Brand,https://www.lazada.vn/products/dong-ho-silicon-da-quang-vuong-danh-cho-tre-em-dong-ho-the-thao-thoi-trang-co-khoa-khoa-chuyen-dong-ky-thuat-so-danh-cho-hoc-sinh-pho-bien-tren-instagram-i2581696126.html?spm=a2o4n.searchlistcategory.list.27.41206b7aSf6vMm,Đồng hồ silicon dạ quang vuông dành cho trẻ em Đồng hồ thể thao thời trang có khóa Khóa chuyển động kỹ thuật số dành cho học sinh Phổ biến trên Instagram,33,20210600,,OK
792,5,"[0, 0, 0, 0, 1]",mặt cười 3 trái tim mặt cười 3 trái tim mặt cười 3 trái tim mặt cười 3 trái tim mặt cười 3 trái tim mặt cười 3 trái tim mặt cười 3 trái tim mặt cười 3 trái tim mặt cười 3 trái tim mặt cười 3 trái tim mặt cười 3 trái tim mặt cười 3 trái tim mặt cười 3 trái tim mặt cười 3 trái tim mặt cười 3 trái tim mặt cười 3 trái tim mặt cười 3 trái tim mặt cười 3 trái tim mặt cười 3 trái tim mặt cười 3 trái tim mặt cười 3 trái tim mặt cười 3 trái tim mặt cười 3 trái tim mặt cười 3 trái tim mặt cười 3 trái tim mặt cười 3 trái tim mặt cười 3 trái tim mặt cười 3 trái tim mặt cười 3 trái tim mặt cười 3 trái tim mặt cười 3 trái tim mặt cười 3 trái tim mặt cười 3 trái tim mặt cười 3 trái tim mặt cười 3 trái tim mặt cười 3 trái tim mặt cười 3 trái tim mặt cười 3 trái tim mặt cười 3 trái tim mặt cười 3 trái tim ndễ thương đẹp chất_lượng khuyên cảm_ơn legit,🥰🥰🥰🥰🥰🥰🥰🥰🥰🥰🥰🥰🥰🥰🥰🥰🥰🥰🥰🥰🥰🥰🥰🥰🥰🥰🥰🥰🥰🥰🥰🥰🥰🥰🥰🥰🥰🥰🥰🥰\ Ndễ thương đẹp chất lượng tốt rất khuyên bạn nên cảm ơn người bán legit.,Lorein G.,Đồng hồ thông minh & Phụ kiện,Đồng hồ thông minh cho trẻ em,No Brand,https://www.lazada.vn/products/dong-ho-silicon-da-quang-vuong-danh-cho-tre-em-dong-ho-the-thao-thoi-trang-co-khoa-khoa-chuyen-dong-ky-thuat-so-danh-cho-hoc-sinh-pho-bien-tren-instagram-i2581696126.html?spm=a2o4n.searchlistcategory.list.27.41206b7aSf6vMm,Đồng hồ silicon dạ quang vuông dành cho trẻ em Đồng hồ thể thao thời trang có khóa Khóa chuyển động kỹ thuật số dành cho học sinh Phổ biến trên Instagram,33,20210600,,OK
793,5,"[0, 0, 0, 0, 1]",dây đeo nhựa bền thiết_kế dễ_thương hợp_thời_trang lựa_chọn màu_sắc phù_hợp nam nữ,"Dây đeo bằng nhựa bền, thiết kế dễ thương và hợp thời trang, nhiều lựa chọn màu sắc, phù hợp cho cả nam và nữ,",JANITH L.,Đồng hồ thông minh & Phụ kiện,Đồng hồ thông minh cho trẻ em,No Brand,https://www.lazada.vn/products/dong-ho-silicon-da-quang-vuong-danh-cho-tre-em-dong-ho-the-thao-thoi-trang-co-khoa-khoa-chuyen-dong-ky-thuat-so-danh-cho-hoc-sinh-pho-bien-tren-instagram-i2581696126.html?spm=a2o4n.searchlistcategory.list.27.41206b7aSf6vMm,Đồng hồ silicon dạ quang vuông dành cho trẻ em Đồng hồ thể thao thời trang có khóa Khóa chuyển động kỹ thuật số dành cho học sinh Phổ biến trên Instagram,33,20210600,,OK
794,5,"[0, 0, 0, 0, 1]",chất_lượng tiền mua kiểu_dáng đẹp sử_dụng,"Chất lượng: tốt Đáng tiền: rất đáng mua Kiểu dáng: đẹp, dễ sử dụng",nguyên H.,Điều khiển chơi game,Bảng điều khiển,No Brand,https://www.lazada.vn/products/1-cap-gang-tay-choi-game-ff-pubg-lien-quan-bao-tay-choi-game-chong-mo-hoi-sieu-nhay-co-gian-cuc-tot-ma-sp000659-i2644407039.html?spm=a2o4n.searchlistcategory.list.166.237b201bnnVv6Q,"1 Cặp Găng tay chơi game ff, Pubg, Liên Quân, Bao Tay Chơi Game Chống Mồ Hôi, Siêu Nhạy, Co Giãn Cực Tốt mã SP000659",2,20210600,,OK
795,5,"[0, 0, 0, 0, 1]",chất_liệu chống mồ_hôi vừa_vặn cảm_ứng siêu nhạy thoải_mái mặc,"Chất liệu chống mồ hôi, Vừa vặn, Cảm ứng siêu nhạy, Thoải mái khi mặc,",K***.,Điều khiển chơi game,Bảng điều khiển,No Brand,https://www.lazada.vn/products/1-cap-gang-tay-choi-game-ff-pubg-lien-quan-bao-tay-choi-game-chong-mo-hoi-sieu-nhay-co-gian-cuc-tot-ma-sp000659-i2644407039.html?spm=a2o4n.searchlistcategory.list.166.237b201bnnVv6Q,"2 Cặp Găng tay chơi game ff, Pubg, Liên Quân, Bao Tay Chơi Game Chống Mồ Hôi, Siêu Nhạy, Co Giãn Cực Tốt mã SP000659",2,20210600,,OK
796,1,"[1, 0, 0, 0, 0]",đeo đung mẫu hành,đeo đung mẫu hành,Anh T.,Điều khiển chơi game,Bảng điều khiển,No Brand,https://www.lazada.vn/products/1-cap-gang-tay-choi-game-ff-pubg-lien-quan-bao-tay-choi-game-chong-mo-hoi-sieu-nhay-co-gian-cuc-tot-ma-sp000659-i2644407039.html?spm=a2o4n.searchlistcategory.list.166.237b201bnnVv6Q,"3 Cặp Găng tay chơi game ff, Pubg, Liên Quân, Bao Tay Chơi Game Chống Mồ Hôi, Siêu Nhạy, Co Giãn Cực Tốt mã SP000659",2,20210600,,OK
797,1,"[1, 0, 0, 0, 0]",hàng đéo,hàng có đéo đâu,3***6,Điều khiển chơi game,Bảng điều khiển,No Brand,https://www.lazada.vn/products/may-choi-game-steam-deck-chinh-hang-pgtech-mieng-dan-man-hinh-may-chu-mieng-dan-man-hinh-kinh-cuong-luc-bao-ve-man-hinh-i2407719586-s11779264922.html?c=&channelLpJumpArgs=&clickTrackInfo=query%253A%253Bnid%253A2407719586%253Bsrc%253ALazadaMainSrp%253Brn%253A1500530386451910bc1a40ce4dc72bd4%253Bregion%253Avn%253Bsku%253A2407719586_VNAMZ%253Bprice%253A81000%253Bclient%253Adesktop%253Bsupplier_id%253A200194905491%253Bbiz_source%253Ahttps%253A%252F%252Fwww.lazada.vn%252F%253Bslot%253A8%253Butlog_bucket_id%253A470687%253Basc_category_id%253A10100427%253Bitem_id%253A2407719586%253Bsku_id%253A11779264922%253Bshop_id%253A2874199%253BtemplateInfo%253A107883_A3_C_D_E%25231103_B%25231108_L%2523&freeshipping=1&fs_ab=2&fuse_fs=&lang=vi&location=Hong%20Kong&price=8.1E%204&priceCompare=skuId%3A11779264922%3Bsource%3Alazada-search-voucher%3Bsn%3A1500530386451910bc1a40ce4dc72bd4%3BunionTrace%3Aa3b58fa517268893763266804e%3BoriginPrice%3A81000%3BvoucherPrice%3A81000%3BdisplayPrice%3A81000%3BsinglePromotionId%3A300000000000000%3BsingleToolCode%3ApromPrice%3BvoucherPricePlugin%3A1%3BbuyerId%3A0%3Btimestamp%3A1726889376584&ratingscore=4.0625&request_id=1500530386451910bc1a40ce4dc72bd4&review=16&sale=108&search=1&source=search&spm=a2o4n.searchlistcategory.list.8&stock=1,Máy Chơi Game Steam Deck Chính Hãng Pgtech Miếng Dán Màn Hình Máy Chủ Miếng Dán Màn Hình Kính Cường Lực Bảo Vệ Màn Hình,81,20210600,,OK
798,1,"[1, 0, 0, 0, 0]",treo đầu dê thịt chó,Treo đầu dê bán thịt chó,9***2,Điều khiển chơi game,Bảng điều khiển,No Brand,https://www.lazada.vn/products/may-choi-game-steam-deck-chinh-hang-pgtech-mieng-dan-man-hinh-may-chu-mieng-dan-man-hinh-kinh-cuong-luc-bao-ve-man-hinh-i2407719586-s11779264922.html?c=&channelLpJumpArgs=&clickTrackInfo=query%253A%253Bnid%253A2407719586%253Bsrc%253ALazadaMainSrp%253Brn%253A1500530386451910bc1a40ce4dc72bd4%253Bregion%253Avn%253Bsku%253A2407719586_VNAMZ%253Bprice%253A81000%253Bclient%253Adesktop%253Bsupplier_id%253A200194905491%253Bbiz_source%253Ahttps%253A%252F%252Fwww.lazada.vn%252F%253Bslot%253A8%253Butlog_bucket_id%253A470687%253Basc_category_id%253A10100427%253Bitem_id%253A2407719586%253Bsku_id%253A11779264922%253Bshop_id%253A2874199%253BtemplateInfo%253A107883_A3_C_D_E%25231103_B%25231108_L%2523&freeshipping=1&fs_ab=2&fuse_fs=&lang=vi&location=Hong%20Kong&price=8.1E%204&priceCompare=skuId%3A11779264922%3Bsource%3Alazada-search-voucher%3Bsn%3A1500530386451910bc1a40ce4dc72bd4%3BunionTrace%3Aa3b58fa517268893763266804e%3BoriginPrice%3A81000%3BvoucherPrice%3A81000%3BdisplayPrice%3A81000%3BsinglePromotionId%3A300000000000000%3BsingleToolCode%3ApromPrice%3BvoucherPricePlugin%3A1%3BbuyerId%3A0%3Btimestamp%3A1726889376584&ratingscore=4.0625&request_id=1500530386451910bc1a40ce4dc72bd4&review=16&sale=108&search=1&source=search&spm=a2o4n.searchlistcategory.list.8&stock=1,Máy Chơi Game Steam Deck Chính Hãng Pgtech Miếng Dán Màn Hình Máy Chủ Miếng Dán Màn Hình Kính Cường Lực Bảo Vệ Màn Hình,81,20210600,,OK
799,5,"[0, 0, 0, 0, 1]",máy game giao hàng miếng dán,đặt máy chơi game giao hàng miếng dán,*******300,Điều khiển chơi game,Bảng điều khiển,No Brand,https://www.lazada.vn/products/may-choi-game-steam-deck-chinh-hang-pgtech-mieng-dan-man-hinh-may-chu-mieng-dan-man-hinh-kinh-cuong-luc-bao-ve-man-hinh-i2407719586-s11779264922.html?c=&channelLpJumpArgs=&clickTrackInfo=query%253A%253Bnid%253A2407719586%253Bsrc%253ALazadaMainSrp%253Brn%253A1500530386451910bc1a40ce4dc72bd4%253Bregion%253Avn%253Bsku%253A2407719586_VNAMZ%253Bprice%253A81000%253Bclient%253Adesktop%253Bsupplier_id%253A200194905491%253Bbiz_source%253Ahttps%253A%252F%252Fwww.lazada.vn%252F%253Bslot%253A8%253Butlog_bucket_id%253A470687%253Basc_category_id%253A10100427%253Bitem_id%253A2407719586%253Bsku_id%253A11779264922%253Bshop_id%253A2874199%253BtemplateInfo%253A107883_A3_C_D_E%25231103_B%25231108_L%2523&freeshipping=1&fs_ab=2&fuse_fs=&lang=vi&location=Hong%20Kong&price=8.1E%204&priceCompare=skuId%3A11779264922%3Bsource%3Alazada-search-voucher%3Bsn%3A1500530386451910bc1a40ce4dc72bd4%3BunionTrace%3Aa3b58fa517268893763266804e%3BoriginPrice%3A81000%3BvoucherPrice%3A81000%3BdisplayPrice%3A81000%3BsinglePromotionId%3A300000000000000%3BsingleToolCode%3ApromPrice%3BvoucherPricePlugin%3A1%3BbuyerId%3A0%3Btimestamp%3A1726889376584&ratingscore=4.0625&request_id=1500530386451910bc1a40ce4dc72bd4&review=16&sale=108&search=1&source=search&spm=a2o4n.searchlistcategory.list.8&stock=1,Máy Chơi Game Steam Deck Chính Hãng Pgtech Miếng Dán Màn Hình Máy Chủ Miếng Dán Màn Hình Kính Cường Lực Bảo Vệ Màn Hình,81,20210600,,OK
800,5,"[0, 0, 0, 0, 1]",thoải_mái mặc_cả,"Thoải mái khi mặc cả ngày dài,",Fredielyn G.,Đồng hồ thông minh & Phụ kiện,Đồng hồ thông minh,No Brand,https://www.lazada.vn/products/dong-ho-the-thao-ky-thuat-so-synoke-danh-cho-nam-da-chuc-nang-chronograph-chong-nuoc-man-hinh-led-da-quang-co-bao-dong-va-den-nen-ly-tuong-cho-cac-hoat-dong-ngoai-troi-va-chay-bo-i2602114519-s12673623795.html?c=&channelLpJumpArgs=&clickTrackInfo=query%253A%253Bnid%253A2602114519%253Bsrc%253ALazadaMainSrp%253Brn%253Aef66cce0c3a887e97c166c2c05ab7067%253Bregion%253Avn%253Bsku%253A2602114519_VNAMZ%253Bprice%253A70000%253Bclient%253Adesktop%253Bsupplier_id%253A200495200216%253Bbiz_source%253Ahttps%253A%252F%252Fwww.lazada.vn%252F%253Bslot%253A17%253Butlog_bucket_id%253A470687%253Basc_category_id%253A10100415%253Bitem_id%253A2602114519%253Bsku_id%253A12673623795%253Bshop_id%253A3709554%253BtemplateInfo%253A116090_B_A3_C_D_E_L_A0%2523108493_G%2523&configId=choice_VN_promotion&freeshipping=1&fs_ab=2&fuse_fs=&lang=vi&location=China&price=7E%204&priceCompare=skuId%3A12673623795%3Bsource%3Alazada-search-voucher%3Bsn%3Aef66cce0c3a887e97c166c2c05ab7067%3BunionTrace%3Aa3b58fac17268894575392829e%3BoriginPrice%3A70000%3BvoucherPrice%3A70000%3BdisplayPrice%3A70000%3BsinglePromotionId%3A900000030778374%3BsingleToolCode%3AshopPromPrice%3BvoucherPricePlugin%3A1%3BbuyerId%3A0%3Btimestamp%3A1726889457931&ratingscore=3.0&request_id=ef66cce0c3a887e97c166c2c05ab7067&review=12&sale=4&search=1&source=search&spm=a211g0.searchlist.list.17&stock=1&upItemIds=2602114519,Đồng hồ thể thao kỹ thuật số Synoke dành cho nam Đa chức năng Chronograph chống nước Màn hình LED dạ quang có báo động và đèn nền Lý tưởng cho các hoạt động ngoài trời và chạy bộ,70,20210600,,OK
